companyid,transcriptid,mostimportantdateutc,headline,transcriptcollectiontypename,transcriptpresentationtypename,transcriptcreationdate_utc,audiolengthsec,priority,call_quarter,call_year,gvkey,companyname,reason,best_speaker,ceo_candidates,rescue_reason
25941,2511954,2022-02-22,"Cadence Design Systems, Inc., Q4 2021 Earnings Call, Feb 22, 2022",Audited Copy,Final,2022-03-01,3631,0,4.0,2021.0,013421,"Cadence Design Systems, Inc.",low_match_score (41.666666666666664),Anirudh Devgan,Lip-Bu Tan,still_low (41.7)
27862,1837615,2019-10-23,"eBay Inc., Q3 2019 Earnings Call, Oct 23, 2019",Edited Copy,Final,2019-10-24,3387,0,3.0,2019.0,114524,eBay Inc.,low_match_score (34.48275862068965),Joe Billante,"Devin Wenig, J.D.",still_low (37.0)
27862,1897946,2020-01-28,"eBay Inc., Q4 2019 Earnings Call, Jan 28, 2020",Proofed Copy,Final,2020-02-01,3535,0,4.0,2019.0,114524,eBay Inc.,low_match_score (34.48275862068965),Joe Billante,"Devin Wenig, J.D.",still_low (37.0)
31148,2215414,2021-02-18,"Marriott International, Inc., Q4 2020 Earnings Call, Feb 18, 2021",Edited Copy,Final,2021-02-18,4219,0,4.0,2020.0,028930,"Marriott International, Inc.",low_match_score (32.432432432432435),Stephanie Linnartz,"Arne Sorenson, J.D.",still_low (34.3)
31148,2278116,2021-05-10,"Marriott International, Inc., Q1 2021 Earnings Call, May 10, 2021",Edited Copy,Final,2021-05-10,2606,0,1.0,2021.0,028930,"Marriott International, Inc.",low_match_score (30.303030303030297),Kathleen Oberg,"Arne Sorenson, J.D.",still_low (32.3)
31148,2361152,2021-08-03,"Marriott International, Inc., Q2 2021 Earnings Call, Aug 03, 2021",Edited Copy,Final,2021-08-03,4131,0,2.0,2021.0,028930,"Marriott International, Inc.",low_match_score (30.303030303030297),Kathleen Oberg,"Arne Sorenson, J.D.",still_low (32.3)
31148,2422979,2021-11-03,"Marriott International, Inc., Q3 2021 Earnings Call, Nov 03, 2021",Edited Copy,Final,2021-11-03,3750,0,3.0,2021.0,028930,"Marriott International, Inc.",low_match_score (30.303030303030297),Kathleen Oberg,"Arne Sorenson, J.D.",still_low (32.3)
31148,2494367,2022-02-15,"Marriott International, Inc., Q4 2021 Earnings Call, Feb 15, 2022",Edited Copy,Final,2022-02-15,4121,0,4.0,2021.0,028930,"Marriott International, Inc.",low_match_score (30.303030303030297),Kathleen Oberg,"Arne Sorenson, J.D.",still_low (32.3)
33328,1372788,2018-01-23,"The Procter & Gamble Company, Q2 2018 Earnings Call, Jan 23, 2018",Audited Copy,Final,2018-01-24,3829,0,2.0,2018.0,008762,The Procter & Gamble Company,low_match_score (26.086956521739125),Jon Moeller,David Taylor,still_low (26.1)
33328,1574093,2018-10-19,"The Procter & Gamble Company, Q1 2019 Earnings Call, Oct 19, 2018",Audited Copy,Final,2018-10-22,3397,0,1.0,2019.0,008762,The Procter & Gamble Company,low_match_score (26.086956521739125),Jon Moeller,David Taylor,still_low (26.1)
33328,1640278,2019-01-23,"The Procter & Gamble Company, Q2 2019 Earnings Call, Jan 23, 2019",Audited Copy,Final,2019-01-25,4054,0,2.0,2019.0,008762,The Procter & Gamble Company,low_match_score (26.086956521739125),Jon Moeller,David Taylor,still_low (26.1)
33328,1703088,2019-04-23,"The Procter & Gamble Company, Q3 2019 Earnings Call, Apr 23, 2019",Audited Copy,Final,2019-04-24,3775,0,3.0,2019.0,008762,The Procter & Gamble Company,low_match_score (26.086956521739125),Jon Moeller,David Taylor,still_low (26.1)
33328,1836324,2019-10-22,"The Procter & Gamble Company, Q1 2020 Earnings Call, Oct 22, 2019",Audited Copy,Final,2019-10-23,3473,0,1.0,2020.0,008762,The Procter & Gamble Company,low_match_score (26.086956521739125),Jon Moeller,David Taylor,still_low (26.1)
33328,1894314,2020-01-23,"The Procter & Gamble Company, Q2 2020 Earnings Call, Jan 23, 2020",Proofed Copy,Final,2020-01-28,3502,0,2.0,2020.0,008762,The Procter & Gamble Company,low_match_score (26.086956521739125),Jon Moeller,David Taylor,still_low (26.1)
33328,2012071,2020-04-17,"The Procter & Gamble Company, Q3 2020 Earnings Call, Apr 17, 2020",Audited Copy,Final,2020-06-09,5392,0,3.0,2020.0,008762,The Procter & Gamble Company,low_match_score (26.086956521739125),Jon Moeller,David Taylor,still_low (26.1)
33328,2146572,2020-10-20,"The Procter & Gamble Company, Q1 2021 Earnings Call, Oct 20, 2020",Proofed Copy,Final,2020-11-19,3591,0,1.0,2021.0,008762,The Procter & Gamble Company,low_match_score (26.086956521739125),Jon Moeller,David Taylor,still_low (26.1)
33328,2176585,2021-01-20,"The Procter & Gamble Company, Q2 2021 Earnings Call, Jan 20, 2021",Edited Copy,Final,2021-01-20,4071,0,2.0,2021.0,008762,The Procter & Gamble Company,low_match_score (26.086956521739125),Jon Moeller,David Taylor,still_low (26.1)
33328,2253803,2021-04-20,"The Procter & Gamble Company, Q3 2021 Earnings Call, Apr 20, 2021",Edited Copy,Final,2021-04-20,3504,0,3.0,2021.0,008762,The Procter & Gamble Company,low_match_score (30.769230769230774),Andre Schulten,David Taylor,still_low (30.8)
34745,2551781,2022-05-03,"Starbucks Corporation, Q2 2022 Earnings Call, May 03, 2022",Edited Copy,Final,2022-05-04,4704,0,2.0,2022.0,025434,Starbucks Corporation,low_match_score (33.33333333333333),John Culver,Kevin Johnson,still_low (33.3)
34745,2612871,2022-08-02,"Starbucks Corporation, Q3 2022 Earnings Call, Aug 02, 2022",Edited Copy,Final,2022-08-03,4881,0,3.0,2022.0,025434,Starbucks Corporation,low_match_score (33.33333333333333),John Culver,Kevin Johnson,still_low (33.3)
34745,2674921,2022-11-03,"Starbucks Corporation, Q4 2022 Earnings Call, Nov 03, 2022",Edited Copy,Final,2022-11-04,4959,0,4.0,2022.0,025434,Starbucks Corporation,low_match_score (30.769230769230774),Sara Trilling,Kevin Johnson,still_low (30.8)
35000,1739479,2019-05-09,"Symantec Corporation, Q4 2019 Earnings Call, May 09, 2019",Audited Copy,Final,2019-05-17,3587,0,4.0,2019.0,015855,Gen Digital Inc.,low_match_score (40.0),Nicholas Noviello,Gregory Clark,still_low (40.0)
36040,1515648,2018-07-26,"Universal Health Services, Inc., Q2 2018 Earnings Call, Jul 26, 2018",Audited Copy,Final,2018-08-01,3397,0,2.0,2018.0,011032,"Universal Health Services, Inc.",low_match_score (34.78260869565217),Steve Filton,Alan Miller,still_low (34.8)
36040,1582630,2018-10-26,"Universal Health Services, Inc., Q3 2018 Earnings Call, Oct 26, 2018",Audited Copy,Final,2018-10-30,3951,0,3.0,2018.0,011032,"Universal Health Services, Inc.",low_match_score (34.78260869565217),Steve Filton,Alan Miller,still_low (34.8)
36040,1714398,2019-04-26,"Universal Health Services, Inc., Q1 2019 Earnings Call, Apr 26, 2019",Audited Copy,Final,2019-05-01,2784,0,1.0,2019.0,011032,"Universal Health Services, Inc.",low_match_score (34.78260869565217),Steve Filton,Alan Miller,still_low (34.8)
36040,1934284,2020-02-27,"Universal Health Services, Inc., Q4 2019 Earnings Call, Feb 27, 2020",Audited Copy,Final,2020-03-11,2966,0,4.0,2019.0,011032,"Universal Health Services, Inc.",low_match_score (34.78260869565217),Steve Filton,Alan Miller,still_low (34.8)
36040,2089571,2020-07-28,"Universal Health Services, Inc., Q2 2020 Earnings Call, Jul 28, 2020",Proofed Copy,Final,2020-09-03,2306,0,2.0,2020.0,011032,"Universal Health Services, Inc.",low_match_score (34.78260869565217),Steve Filton,Alan Miller,still_low (34.8)
36040,2351572,2021-07-27,"Universal Health Services, Inc., Q2 2021 Earnings Call, Jul 27, 2021",Edited Copy,Final,2021-07-27,2400,0,2.0,2021.0,011032,"Universal Health Services, Inc.",low_match_score (26.086956521739125),Steve Filton,Marc Miller,still_low (26.1)
36040,2412757,2021-10-26,"Universal Health Services, Inc., Q3 2021 Earnings Call, Oct 26, 2021",Edited Copy,Final,2021-10-26,3328,0,3.0,2021.0,011032,"Universal Health Services, Inc.",low_match_score (26.086956521739125),Steve Filton,Marc Miller,still_low (26.1)
97199,1645691,2019-01-31,"Northrop Grumman Corporation, Q4 2018 Earnings Call, Jan 31, 2019",Audited Copy,Final,2019-02-01,3509,0,4.0,2018.0,007985,Northrop Grumman Corporation,low_match_score (40.0),Stephen Movius,Wesley Bush,still_low (40.0)
107405,1509549,2018-07-26,"D.R. Horton, Inc., Q3 2018 Earnings Call, Jul 26, 2018",Edited Copy,Final,2018-07-26,3640,0,3.0,2018.0,025340,"D.R. Horton, Inc.",low_match_score (33.33333333333333),Michael Murray,David Auld,still_low (33.3)
112350,1491055,2018-04-17,"International Business Machines Corporation, Q1 2018 Earnings Call, Apr 17, 2018",Audited Copy,Final,2018-06-15,4242,0,1.0,2018.0,006066,International Business Machines Corporation,low_match_score (45.16129032258065),Patricia Murphy,Virginia Rometty,still_low (45.2)
112350,1502868,2018-07-18,"International Business Machines Corporation, Q2 2018 Earnings Call, Jul 18, 2018",Edited Copy,Final,2018-07-19,4555,0,2.0,2018.0,006066,International Business Machines Corporation,low_match_score (45.16129032258065),Patricia Murphy,Virginia Rometty,still_low (45.2)
112350,1570903,2018-10-16,"International Business Machines Corporation, Q3 2018 Earnings Call, Oct 16, 2018",Edited Copy,Final,2018-10-17,4556,0,3.0,2018.0,006066,International Business Machines Corporation,low_match_score (45.16129032258065),Patricia Murphy,Virginia Rometty,still_low (45.2)
112350,1638613,2019-01-22,"International Business Machines Corporation, Q4 2018 Earnings Call, Jan 22, 2019",Edited Copy,Final,2019-01-23,4939,0,4.0,2018.0,006066,International Business Machines Corporation,low_match_score (45.16129032258065),Patricia Murphy,Virginia Rometty,still_low (45.2)
112350,1721612,2019-04-16,"International Business Machines Corporation, Q1 2019 Earnings Call, Apr 16, 2019",Audited Copy,Final,2019-05-06,4362,0,1.0,2019.0,006066,International Business Machines Corporation,low_match_score (45.16129032258065),Patricia Murphy,Virginia Rometty,still_low (45.2)
112350,1827829,2019-07-17,"International Business Machines Corporation, Q2 2019 Earnings Call, Jul 17, 2019",Audited Copy,Final,2019-09-24,3398,0,2.0,2019.0,006066,International Business Machines Corporation,low_match_score (45.16129032258065),Patricia Murphy,Virginia Rometty,still_low (45.2)
112350,1837205,2019-10-16,"International Business Machines Corporation, Q3 2019 Earnings Call, Oct 16, 2019",Audited Copy,Final,2019-10-23,3955,0,3.0,2019.0,006066,International Business Machines Corporation,low_match_score (45.16129032258065),Patricia Murphy,Virginia Rometty,still_low (45.2)
112350,1893250,2020-01-21,"International Business Machines Corporation, Q4 2019 Earnings Call, Jan 21, 2020",Proofed Copy,Final,2020-01-23,3896,0,4.0,2019.0,006066,International Business Machines Corporation,low_match_score (45.16129032258065),Patricia Murphy,Virginia Rometty,still_low (45.2)
140233,2554540,2022-05-05,"Tripadvisor, Inc., Q1 2022 Earnings Call, May 05, 2022",Edited Copy,Final,2022-05-05,3027,0,1.0,2022.0,199356,"Tripadvisor, Inc.",low_match_score (40.0),Stephen Kaufer,Matthew Goldberg,still_low (40.0)
177031,1589592,2018-10-30,"General Electric Company, Q3 2018 Earnings Call, Oct 30, 2018",Audited Copy,Final,2018-11-02,3483,0,3.0,2018.0,005047,General Electric Company,low_match_score (34.78260869565217),Todd Ernst,John Flannery,still_low (34.8)
177031,1646466,2019-01-31,"General Electric Company, Q4 2018 Earnings Call, Jan 31, 2019",Audited Copy,Final,2019-02-05,5213,0,4.0,2018.0,005047,General Electric Company,low_match_score (30.0),H. Culp,John Flannery,still_low (31.6)
258181,2423243,2021-11-03,"Coterra Energy Inc., Q3 2021 Earnings Call, Nov 03, 2021",Edited Copy,Final,2021-11-03,3363,0,3.0,2021.0,020548,Coterra Energy Inc.,low_match_score (52.17391304347826),Daniel Guffey,Dan Dinges,still_low (52.2)
258181,2506240,2022-02-24,"Coterra Energy Inc., Q4 2021 Earnings Call, Feb 24, 2022",Edited Copy,Final,2022-02-24,3716,0,4.0,2021.0,020548,Coterra Energy Inc.,low_match_score (38.095238095238095),Blake Sirgo,Dan Dinges,still_low (38.1)
258458,1470448,2018-05-18,"Campbell Soup Company, Q3 2018 Earnings Call, May 18, 2018",Audited Copy,Final,2018-05-19,3495,0,3.0,2018.0,002663,The Campbell's Company,low_match_score (45.16129032258065),Keith McLoughlin,Denise Morrison,still_low (45.2)
258458,1551854,2018-08-30,"Campbell Soup Company, Q4 2018 Earnings Call, Aug 30, 2018",Audited Copy,Final,2018-09-11,5418,0,4.0,2018.0,002663,The Campbell's Company,low_match_score (45.16129032258065),Keith McLoughlin,Denise Morrison,still_low (45.2)
258458,1612827,2018-11-20,"Campbell Soup Company, Q1 2019 Earnings Call, Nov 20, 2018",Audited Copy,Final,2018-11-22,3541,0,1.0,2019.0,002663,The Campbell's Company,low_match_score (45.45454545454545),Ken Gosnell,Mark Clouse,still_low (45.5)
258823,2653554,2022-09-30,"Carnival Corporation & plc, Q3 2022 Earnings Call, Sep 30, 2022",Edited Copy,Final,2022-09-30,3619,0,3.0,2022.0,013498,Carnival Corporation Ltd.,low_match_score (42.857142857142854),David Bernstein,Arnold Donald,still_low (42.9)
258823,2712124,2022-12-21,"Carnival Corporation & plc, Q4 2022 Earnings Call, Dec 21, 2022",Edited Copy,Final,2022-12-21,3698,0,4.0,2022.0,013498,Carnival Corporation Ltd.,low_match_score (42.857142857142854),David Bernstein,Arnold Donald,still_low (42.9)
260725,1424078,2018-03-22,"Cintas Corporation, Q3 2018 Earnings Call, Mar 22, 2018",Audited Copy,Final,2018-03-23,2580,0,3.0,2018.0,003062,Cintas Corporation,low_match_score (36.36363636363637),Paul Adler,Scott Farmer,still_low (36.4)
260725,1504078,2018-07-19,"Cintas Corporation, Q4 2018 Earnings Call, Jul 19, 2018",Proofed Copy,Final,2018-07-20,3585,0,4.0,2018.0,003062,Cintas Corporation,low_match_score (36.36363636363637),Paul Adler,Scott Farmer,still_low (36.4)
260725,1561217,2018-09-25,"Cintas Corporation, Q1 2019 Earnings Call, Sep 25, 2018",Proofed Copy,Final,2018-09-26,2620,0,1.0,2019.0,003062,Cintas Corporation,low_match_score (36.36363636363637),Paul Adler,Scott Farmer,still_low (36.4)
260725,1635136,2018-12-20,"Cintas Corporation, Q2 2019 Earnings Call, Dec 20, 2018",Audited Copy,Final,2019-01-14,3466,0,2.0,2019.0,003062,Cintas Corporation,low_match_score (36.36363636363637),Paul Adler,Scott Farmer,still_low (36.4)
260725,1693291,2019-03-21,"Cintas Corporation, Q3 2019 Earnings Call, Mar 21, 2019",Audited Copy,Final,2019-03-26,3711,0,3.0,2019.0,003062,Cintas Corporation,low_match_score (36.36363636363637),Paul Adler,Scott Farmer,still_low (36.4)
260725,1772728,2019-07-16,"Cintas Corporation, Q4 2019 Earnings Call, Jul 16, 2019",Audited Copy,Final,2019-07-18,3512,0,4.0,2019.0,003062,Cintas Corporation,low_match_score (36.36363636363637),Paul Adler,Scott Farmer,still_low (36.4)
260725,1828484,2019-09-24,"Cintas Corporation, Q1 2020 Earnings Call, Sep 24, 2019",Proofed Copy,Final,2019-09-26,3351,0,1.0,2020.0,003062,Cintas Corporation,low_match_score (36.36363636363637),Paul Adler,Scott Farmer,still_low (36.4)
260725,1887160,2019-12-17,"Cintas Corporation, Q2 2020 Earnings Call, Dec 17, 2019",Audited Copy,Final,2020-01-06,3455,0,2.0,2020.0,003062,Cintas Corporation,low_match_score (36.36363636363637),Paul Adler,Scott Farmer,still_low (36.4)
260725,1943370,2020-03-19,"Cintas Corporation, Q3 2020 Earnings Call, Mar 19, 2020",Audited Copy,Final,2020-03-23,2641,0,3.0,2020.0,003062,Cintas Corporation,low_match_score (36.36363636363637),Paul Adler,Scott Farmer,still_low (36.4)
266510,2213787,2021-02-17,"Devon Energy Corporation, Q4 2020 Earnings Call, Feb 17, 2021",Edited Copy,Final,2021-02-17,3746,0,4.0,2020.0,014934,Devon Energy Corporation,low_match_score (37.03703703703704),Richard Muncrief,David Hager,still_low (37.0)
283857,1640465,2019-01-23,"Kimberly-Clark Corporation, Q4 2018 Earnings Call, Jan 23, 2019",Audited Copy,Final,2019-01-25,4931,0,4.0,2018.0,006435,Kimberly-Clark Corporation,low_match_score (32.0),Paul Alexander,Thomas Falk,still_low (32.0)
289030,2594418,2021-06-30,"Micron Technology, Inc., Q3 2021 Earnings Call, Jun 30, 2021",Edited Copy,Final,2022-06-30,2551,0,3.0,2021.0,007343,"Micron Technology, Inc.",low_match_score (42.857142857142854),Manish Bhatia,Sanjay Mehrotra,still_low (42.9)
289030,2594398,2021-09-28,"Micron Technology, Inc., Q4 2021 Earnings Call, Sep 28, 2021",Edited Copy,Final,2022-06-30,2993,0,4.0,2021.0,007343,"Micron Technology, Inc.",low_match_score (42.857142857142854),Manish Bhatia,Sanjay Mehrotra,still_low (42.9)
289030,2594411,2021-12-20,"Micron Technology, Inc., Q1 2022 Earnings Call, Dec 20, 2021",Edited Copy,Final,2022-06-30,2693,0,1.0,2022.0,007343,"Micron Technology, Inc.",low_match_score (42.857142857142854),Manish Bhatia,Sanjay Mehrotra,still_low (42.9)
289030,2594399,2022-03-29,"Micron Technology, Inc., Q2 2022 Earnings Call, Mar 29, 2022",Edited Copy,Final,2022-06-30,2659,0,2.0,2022.0,007343,"Micron Technology, Inc.",low_match_score (42.857142857142854),Manish Bhatia,Sanjay Mehrotra,still_low (42.9)
289030,2594741,2022-06-30,"Micron Technology, Inc., Q3 2022 Earnings Call, Jun 30, 2022",Edited Copy,Final,2022-07-01,2999,0,3.0,2022.0,007343,"Micron Technology, Inc.",low_match_score (42.857142857142854),Manish Bhatia,Sanjay Mehrotra,still_low (42.9)
289030,2659338,2022-09-29,"Micron Technology, Inc., Q4 2022 Earnings Call, Sep 29, 2022",Audited Copy,Final,2022-10-20,3031,0,4.0,2022.0,007343,"Micron Technology, Inc.",low_match_score (42.857142857142854),Manish Bhatia,Sanjay Mehrotra,still_low (42.9)
296308,1443946,2018-04-26,"Altria Group, Inc., Q1 2018 Earnings Call, Apr 26, 2018",Audited Copy,Final,2018-05-01,3110,0,1.0,2018.0,008543,"Altria Group, Inc.",low_match_score (42.857142857142854),William Gifford,"Howard Willard, III, BA (Ho",still_low (56.2)
313055,1614252,2018-11-15,"Walmart Inc., Q3 2019 Pre Recorded Earnings Call, Nov 15, 2018",Audited Copy,Final,2018-11-26,4169,0,3.0,2019.0,011259,Walmart Inc.,low_match_score (25.0),Daniel Binder,C. McMillon,still_low (26.1)
323857,2449161,2021-11-03,"Chesapeake Energy Corporation, Q3 2021 Earnings Call, Nov 03, 2021",Proofed Copy,Final,2021-11-26,2098,0,3.0,2021.0,027786,Expand Energy Corporation,low_match_score (34.28571428571429),Domenic Dell'Osso,Michael Wichterich,still_low (34.3)
323857,2505455,2022-02-24,"Chesapeake Energy Corporation, Q4 2021 Earnings Call, Feb 24, 2022",Edited Copy,Final,2022-02-24,2194,0,4.0,2021.0,027786,Expand Energy Corporation,low_match_score (41.37931034482759),Mohit Singh,Michael Wichterich,still_low (41.4)
324289,1515626,2018-07-26,"O'Reilly Automotive, Inc., Q2 2018 Earnings Call, Jul 26, 2018",Audited Copy,Final,2018-08-01,3136,0,2.0,2018.0,028180,"O'Reilly Automotive, Inc.",low_match_score (73.33333333333333),Gregory Johnson,Gregory Henslee,still_low (73.3)
324289,1582357,2018-10-25,"O'Reilly Automotive, Inc., Q3 2018 Earnings Call, Oct 25, 2018",Audited Copy,Final,2018-10-30,3358,0,3.0,2018.0,028180,"O'Reilly Automotive, Inc.",low_match_score (73.33333333333333),Gregory Johnson,Gregory Henslee,still_low (73.3)
324289,1652780,2019-02-07,"O'Reilly Automotive, Inc., Q4 2018 Earnings Call, Feb 07, 2019",Audited Copy,Final,2019-02-12,3165,0,4.0,2018.0,028180,"O'Reilly Automotive, Inc.",low_match_score (73.33333333333333),Gregory Johnson,Gregory Henslee,still_low (73.3)
324289,1708852,2019-04-25,"O'Reilly Automotive, Inc., Q1 2019 Earnings Call, Apr 25, 2019",Audited Copy,Final,2019-04-26,3472,0,1.0,2019.0,028180,"O'Reilly Automotive, Inc.",low_match_score (73.33333333333333),Gregory Henslee,Gregory Johnson,still_low (73.3)
370857,1897053,2020-01-29,"The Boeing Company, Q4 2019 Earnings Call, Jan 29, 2020",Proofed Copy,Final,2020-01-31,4145,0,4.0,2019.0,002285,The Boeing Company,low_match_score (26.66666666666667),Gregory Smith,Dennis Muilenburg,still_low (26.7)
415798,1435600,2018-04-24,"Verizon Communications Inc., Q1 2018 Earnings Call, Apr 24, 2018",Audited Copy,Final,2018-04-25,3534,0,1.0,2018.0,002136,Verizon Communications Inc.,low_match_score (46.15384615384615),Matthew Ellis,Lowell McAdam,still_low (46.2)
415798,1577312,2018-10-23,"Verizon Communications Inc., Q3 2018 Earnings Call, Oct 23, 2018",Audited Copy,Final,2018-10-25,3270,0,3.0,2018.0,002136,Verizon Communications Inc.,low_match_score (46.15384615384615),Matthew Ellis,Lowell McAdam,still_low (46.2)
415798,1643410,2019-01-29,"Verizon Communications Inc., Q4 2018 Earnings Call, Jan 29, 2019",Audited Copy,Final,2019-01-31,3797,0,4.0,2018.0,002136,Verizon Communications Inc.,low_match_score (46.15384615384615),Matthew Ellis,Lowell McAdam,still_low (46.2)
526573,2072578,2020-08-13,"Tapestry, Inc., Q4 2020 Earnings Call, Aug 13, 2020",Edited Copy,Final,2020-08-13,5462,0,4.0,2020.0,140541,"Tapestry, Inc.",low_match_score (38.46153846153846),Andrea Resnick,Jide Zeitlin,still_low (38.5)
655659,2301236,2021-02-26,"Fluor Corporation, Q4 2020 Earnings Call, Feb 26, 2021",Proofed Copy,Final,2021-05-26,3606,0,4.0,2020.0,004818,Fluor Corporation,low_match_score (38.888888888888886),Joseph Brennan,"Carlos Hernandez, J.D.",still_low (41.2)
972190,1829314,2019-09-26,"Accenture plc, Q4 2019 Earnings Call, Sep 26, 2019",Proofed Copy,Final,2019-09-28,3472,0,4.0,2019.0,143357,Accenture plc,low_match_score (34.78260869565217),Angie Park,David Rowland,still_low (34.8)
1413208,1888832,2020-01-09,"Acuity Brands, Inc., Q1 2020 Earnings Call, Jan 09, 2020",Audited Copy,Final,2020-01-13,3791,0,1.0,2020.0,146017,Acuity Inc.,low_match_score (38.095238095238095),Vernon Nagel,Neil Ashe,still_low (38.1)
3449701,2494977,2022-02-15,"Wynn Resorts, Limited, Q4 2021 Earnings Call, Feb 15, 2022",Edited Copy,Final,2022-02-15,2557,0,4.0,2021.0,149318,"Wynn Resorts, Limited",low_match_score (26.66666666666667),Brian Gullbrants,Matthew Maddox,still_low (26.7)
6569181,1433442,2018-04-19,"Philip Morris International Inc., Q1 2018 Earnings Call, Apr 19, 2018",Audited Copy,Final,2018-04-21,4690,0,1.0,2018.0,179621,Philip Morris International Inc.,low_match_score (35.294117647058826),Nicholas Rolli,Andre Calantzopoulos,still_low (35.3)
6569181,1503690,2018-07-19,"Philip Morris International Inc., Q2 2018 Earnings Call, Jul 19, 2018",Edited Copy,Final,2018-07-19,4586,0,2.0,2018.0,179621,Philip Morris International Inc.,low_match_score (35.294117647058826),Nicholas Rolli,Andre Calantzopoulos,still_low (35.3)
6569181,1572602,2018-10-18,"Philip Morris International Inc., Q3 2018 Earnings Call, Oct 18, 2018",Audited Copy,Final,2018-10-19,3513,0,3.0,2018.0,179621,Philip Morris International Inc.,low_match_score (35.294117647058826),Nicholas Rolli,Andre Calantzopoulos,still_low (35.3)
6569181,1702250,2019-04-18,"Philip Morris International Inc., Q1 2019 Earnings Call, Apr 18, 2019",Audited Copy,Final,2019-04-23,3158,0,1.0,2019.0,179621,Philip Morris International Inc.,low_match_score (35.294117647058826),Nicholas Rolli,Andre Calantzopoulos,still_low (35.3)
6569181,1773872,2019-07-18,"Philip Morris International Inc., Q2 2019 Earnings Call, Jul 18, 2019",Proofed Copy,Final,2019-07-19,3726,0,2.0,2019.0,179621,Philip Morris International Inc.,low_match_score (35.294117647058826),Nicholas Rolli,Andre Calantzopoulos,still_low (35.3)
6569181,1877076,2019-10-17,"Philip Morris International Inc., Q3 2019 Earnings Call, Oct 17, 2019",Audited Copy,Final,2019-12-03,4447,0,3.0,2019.0,179621,Philip Morris International Inc.,low_match_score (35.294117647058826),Nicholas Rolli,Andre Calantzopoulos,still_low (35.3)
6569181,2083127,2020-07-21,"Philip Morris International Inc., Q2 2020 Earnings Call, Jul 21, 2020",Proofed Copy,Final,2020-08-25,5352,0,2.0,2020.0,179621,Philip Morris International Inc.,low_match_score (40.0),Emmanuel Babeau,Andre Calantzopoulos,still_low (40.0)
6569181,2158240,2020-10-20,"Philip Morris International Inc., Q3 2020 Earnings Call, Oct 20, 2020",Proofed Copy,Final,2020-12-03,3943,0,3.0,2020.0,179621,Philip Morris International Inc.,low_match_score (40.0),Emmanuel Babeau,Andre Calantzopoulos,still_low (40.0)
6569181,2401727,2021-04-20,"Philip Morris International Inc., Q1 2021 Earnings Call, Apr 20, 2021",Proofed Copy,Final,2021-09-27,4325,0,1.0,2021.0,179621,Philip Morris International Inc.,low_match_score (30.769230769230774),Nicholas Rolli,Jacek Olczak,still_low (30.8)
6569181,2382499,2021-07-20,"Philip Morris International Inc., Q2 2021 Earnings Call, Jul 20, 2021",Audited Copy,Final,2021-08-19,4472,0,2.0,2021.0,179621,Philip Morris International Inc.,low_match_score (30.769230769230774),Nicholas Rolli,Jacek Olczak,still_low (30.8)
6569181,2473756,2021-10-19,"Philip Morris International Inc., Q3 2021 Earnings Call, Oct 19, 2021",Edited Copy,Final,2022-01-18,4050,0,3.0,2021.0,179621,Philip Morris International Inc.,low_match_score (30.769230769230774),Nicholas Rolli,Jacek Olczak,still_low (30.8)
6569181,2648801,2022-07-21,"Philip Morris International Inc., Q2 2022 Earnings Call, Jul 21, 2022",Proofed Copy,Final,2022-09-15,3771,0,2.0,2022.0,179621,Philip Morris International Inc.,low_match_score (29.629629629629633),Emmanuel Babeau,Jacek Olczak,still_low (29.6)
215548781,1915110,2020-02-13,"Zoetis Inc., Q4 2019 Earnings Call, Feb 13, 2020",Audited Copy,Final,2020-02-20,3799,0,4.0,2019.0,013721,Zoetis Inc.,low_match_score (38.095238095238095),Glenn David,Juan Alaix,still_low (38.1)
