gvkey,execid,year,exec_fname,exec_lname,ceoann,becameceo,leftofc,prev_execid,prev_year
001161,37809,2017.0,Lisa,"Su, Ph.D.",CEO,2014-08-10,,,
001161,37809,2018.0,Lisa,"Su, Ph.D.",CEO,2014-08-10,,37809,2017.0
001161,37809,2019.0,Lisa,"Su, Ph.D.",CEO,2014-08-10,,37809,2018.0
001161,37809,2020.0,Lisa,"Su, Ph.D.",CEO,2014-08-10,,37809,2019.0
001161,37809,2021.0,Lisa,"Su, Ph.D.",CEO,2014-08-10,,37809,2020.0
001161,37809,2022.0,Lisa,"Su, Ph.D.",CEO,2014-08-10,,37809,2021.0
001209,46680,2017.0,Seifollah,Ghasemi,CEO,2014-07-01,2025-02-01,,
001209,46680,2018.0,Seifollah,Ghasemi,CEO,2014-07-01,2025-02-01,46680,2017.0
001209,46680,2019.0,Seifollah,Ghasemi,CEO,2014-07-01,2025-02-01,46680,2018.0
001209,46680,2020.0,Seifollah,Ghasemi,CEO,2014-07-01,2025-02-01,46680,2019.0
001209,46680,2021.0,Seifollah,Ghasemi,CEO,2014-07-01,2025-02-01,46680,2020.0
001209,46680,2022.0,Seifollah,Ghasemi,CEO,2014-07-01,2025-02-01,46680,2021.0
001300,50374,2017.0,Darius,Adamczyk,CEO,2017-03-31,2023-06-01,,
001300,50374,2018.0,Darius,Adamczyk,CEO,2017-03-31,2023-06-01,50374,2017.0
001300,50374,2019.0,Darius,Adamczyk,CEO,2017-03-31,2023-06-01,50374,2018.0
001300,50374,2020.0,Darius,Adamczyk,CEO,2017-03-31,2023-06-01,50374,2019.0
001300,50374,2021.0,Darius,Adamczyk,CEO,2017-03-31,2023-06-01,50374,2020.0
001300,50374,2022.0,Darius,Adamczyk,CEO,2017-03-31,2023-06-01,50374,2021.0
001327,24319,2017.0,Liam,Griffin,CEO,2016-05-11,2025-02-17,,
001327,24319,2018.0,Liam,Griffin,CEO,2016-05-11,2025-02-17,24319,2017.0
001327,24319,2019.0,Liam,Griffin,CEO,2016-05-11,2025-02-17,24319,2018.0
001327,24319,2020.0,Liam,Griffin,CEO,2016-05-11,2025-02-17,24319,2019.0
001327,24319,2021.0,Liam,Griffin,CEO,2016-05-11,2025-02-17,24319,2020.0
001327,24319,2022.0,Liam,Griffin,CEO,2016-05-11,2025-02-17,24319,2021.0
001602,33199,2017.0,Robert,Bradway,CEO,2012-05-23,,,
001602,33199,2018.0,Robert,Bradway,CEO,2012-05-23,,33199,2017.0
001602,33199,2019.0,Robert,Bradway,CEO,2012-05-23,,33199,2018.0
001602,33199,2020.0,Robert,Bradway,CEO,2012-05-23,,33199,2019.0
001602,33199,2021.0,Robert,Bradway,CEO,2012-05-23,,33199,2020.0
001602,33199,2022.0,Robert,Bradway,CEO,2012-05-23,,33199,2021.0
001891,36251,2017.0,Carlos,Rodriguez,CEO,2011-11-08,2023-01-01,,
001891,36251,2018.0,Carlos,Rodriguez,CEO,2011-11-08,2023-01-01,36251,2017.0
001891,36251,2019.0,Carlos,Rodriguez,CEO,2011-11-08,2023-01-01,36251,2018.0
001891,36251,2020.0,Carlos,Rodriguez,CEO,2011-11-08,2023-01-01,36251,2019.0
001891,36251,2021.0,Carlos,Rodriguez,CEO,2011-11-08,2023-01-01,36251,2020.0
001891,36251,2022.0,Carlos,Rodriguez,CEO,2011-11-08,2023-01-01,36251,2021.0
002086,26835,2017.0,Jose,Almeida,CEO,2015-10-28,2025-02-03,,
002086,26835,2018.0,Jose,Almeida,CEO,2015-10-28,2025-02-03,26835,2017.0
002086,26835,2019.0,Jose,Almeida,CEO,2015-10-28,2025-02-03,26835,2018.0
002086,26835,2020.0,Jose,Almeida,CEO,2015-10-28,2025-02-03,26835,2019.0
002086,26835,2021.0,Jose,Almeida,CEO,2015-10-28,2025-02-03,26835,2020.0
002086,26835,2022.0,Jose,Almeida,CEO,2015-10-28,2025-02-03,26835,2021.0
002136,32564,2017.0,Lowell,McAdam,CEO,2011-08-01,2018-08-01,,
002136,32564,2018.0,Lowell,McAdam,CEO,2011-08-01,2018-08-01,32564,2017.0
002136,52465,2019.0,Hans,Vestberg,CEO,2018-08-01,2025-10-06,32564,2018.0
002136,52465,2020.0,Hans,Vestberg,CEO,2018-08-01,2025-10-06,52465,2019.0
002136,52465,2021.0,Hans,Vestberg,CEO,2018-08-01,2025-10-06,52465,2020.0
002136,52465,2022.0,Hans,Vestberg,CEO,2018-08-01,2025-10-06,52465,2021.0
002285,42427,2017.0,Dennis,Muilenburg,CEO,2015-07-01,2019-12-23,,
002285,42427,2018.0,Dennis,Muilenburg,CEO,2015-07-01,2019-12-23,42427,2017.0
002285,42427,2019.0,Dennis,Muilenburg,CEO,2015-07-01,2019-12-23,42427,2018.0
002285,45058,2020.0,David,Calhoun,CEO,2020-01-13,2024-08-08,42427,2019.0
002285,45058,2021.0,David,Calhoun,CEO,2020-01-13,2024-08-08,45058,2020.0
002285,45058,2022.0,David,Calhoun,CEO,2020-01-13,2024-08-08,45058,2021.0
002663,34167,2017.0,Denise,Morrison,CEO,2011-08-01,2018-05-18,,
002663,34167,2018.0,Denise,Morrison,CEO,2011-08-01,2018-05-18,34167,2017.0
002663,46069,2019.0,Mark,Clouse,CEO,2019-01-22,2025-01-31,34167,2018.0
002663,46069,2020.0,Mark,Clouse,CEO,2019-01-22,2025-01-31,46069,2019.0
002663,46069,2021.0,Mark,Clouse,CEO,2019-01-22,2025-01-31,46069,2020.0
002663,46069,2022.0,Mark,Clouse,CEO,2019-01-22,2025-01-31,46069,2021.0
002884,00190,2017.0,Glen,"Post, III",CEO,1992-01-01,2018-05-23,,
002884,24668,2018.0,Jeffrey,Storey,CEO,2018-05-01,2022-11-07,00190,2017.0
002884,24668,2019.0,Jeffrey,Storey,CEO,2018-05-01,2022-11-07,24668,2018.0
002884,24668,2020.0,Jeffrey,Storey,CEO,2018-05-01,2022-11-07,24668,2019.0
002884,24668,2021.0,Jeffrey,Storey,CEO,2018-05-01,2022-11-07,24668,2020.0
002884,24668,2022.0,Jeffrey,Storey,CEO,2018-05-01,2022-11-07,24668,2021.0
003062,15654,2017.0,Scott,Farmer,CEO,2003-07-10,2021-05-31,,
003062,15654,2018.0,Scott,Farmer,CEO,2003-07-10,2021-05-31,15654,2017.0
003062,15654,2019.0,Scott,Farmer,CEO,2003-07-10,2021-05-31,15654,2018.0
003062,15654,2020.0,Scott,Farmer,CEO,2003-07-10,2021-05-31,15654,2019.0
003062,57023,2021.0,Todd,Schneider,CEO,2021-06-01,,15654,2020.0
003062,57023,2022.0,Todd,Schneider,CEO,2021-06-01,,57023,2021.0
003144,48576,2017.0,James Robert,Quincey,CEO,2017-05-01,2026-03-31,,
003144,48576,2018.0,James Robert,Quincey,CEO,2017-05-01,2026-03-31,48576,2017.0
003144,48576,2019.0,James Robert,Quincey,CEO,2017-05-01,2026-03-31,48576,2018.0
003144,48576,2020.0,James Robert,Quincey,CEO,2017-05-01,2026-03-31,48576,2019.0
003144,48576,2021.0,James Robert,Quincey,CEO,2017-05-01,2026-03-31,48576,2020.0
003144,48576,2022.0,James Robert,Quincey,CEO,2017-05-01,2026-03-31,48576,2021.0
003226,00233,2017.0,Brian,Roberts,CEO,2002-11-01,2026-01-02,,
003226,00233,2018.0,Brian,Roberts,CEO,2002-11-01,2026-01-02,00233,2017.0
003226,00233,2019.0,Brian,Roberts,CEO,2002-11-01,2026-01-02,00233,2018.0
003226,00233,2020.0,Brian,Roberts,CEO,2002-11-01,2026-01-02,00233,2019.0
003226,00233,2021.0,Brian,Roberts,CEO,2002-11-01,2026-01-02,00233,2020.0
003226,00233,2022.0,Brian,Roberts,CEO,2002-11-01,2026-01-02,00233,2021.0
003650,23034,2017.0,Norman,Linebarger,CEO,2012-01-01,2022-01-01,,
003650,23034,2018.0,Norman,Linebarger,CEO,2012-01-01,2022-01-01,23034,2017.0
003650,23034,2019.0,Norman,Linebarger,CEO,2012-01-01,2022-01-01,23034,2018.0
003650,23034,2020.0,Norman,Linebarger,CEO,2012-01-01,2022-01-01,23034,2019.0
003650,23034,2021.0,Norman,Linebarger,CEO,2012-01-01,2022-01-01,23034,2020.0
003650,61303,2022.0,Jennifer,Rumsey,CEO,2022-08-01,,23034,2021.0
004321,20396,2017.0,David,Farr,CEO,2000-10-01,2021-02-05,,
004321,20396,2018.0,David,Farr,CEO,2000-10-01,2021-02-05,20396,2017.0
004321,20396,2019.0,David,Farr,CEO,2000-10-01,2021-02-05,20396,2018.0
004321,20396,2020.0,David,Farr,CEO,2000-10-01,2021-02-05,20396,2019.0
004321,57481,2021.0,Surendralal,Karsanbhai,CEO,2021-02-05,,20396,2020.0
004321,57481,2022.0,Surendralal,Karsanbhai,CEO,2021-02-05,,57481,2021.0
004510,21033,2017.0,Pierre,"Brondeau, Ph.D.",CEO,2024-06-11,,,
004510,21033,2018.0,Pierre,"Brondeau, Ph.D.",CEO,2024-06-11,,21033,2017.0
004510,21033,2019.0,Pierre,"Brondeau, Ph.D.",CEO,2024-06-11,,21033,2018.0
004510,43861,2020.0,Mark,Douglas,CEO,2020-06-01,2024-06-11,21033,2019.0
004510,43861,2021.0,Mark,Douglas,CEO,2020-06-01,2024-06-11,43861,2020.0
004510,43861,2022.0,Mark,Douglas,CEO,2020-06-01,2024-06-11,43861,2021.0
004818,35166,2017.0,David,Seaton,CEO,2011-02-01,2019-04-30,,
004818,35166,2018.0,David,Seaton,CEO,2011-02-01,2019-04-30,35166,2017.0
004818,40835,2019.0,Carlos,"Hernandez, J.D.",CEO,2019-05-01,2020-12-31,35166,2018.0
004818,40835,2020.0,Carlos,"Hernandez, J.D.",CEO,2019-05-01,2020-12-31,40835,2019.0
004818,59475,2021.0,David,"Constable, B.Sc.",CEO,2021-01-01,2025-05-01,40835,2020.0
004818,59475,2022.0,David,"Constable, B.Sc.",CEO,2021-01-01,2025-05-01,59475,2021.0
005047,20859,2017.0,Jeffrey,Immelt,CEO,2001-01-01,2017-07-31,,
005047,54024,2018.0,John,Flannery,CEO,2017-08-01,2018-10-01,20859,2017.0
005047,13127,2019.0,H.,"Culp, Jr.",CEO,2018-10-01,,54024,2018.0
005047,13127,2020.0,H.,"Culp, Jr.",CEO,2018-10-01,,13127,2019.0
005047,13127,2021.0,H.,"Culp, Jr.",CEO,2018-10-01,,13127,2020.0
005047,13127,2022.0,H.,"Culp, Jr.",CEO,2018-10-01,,13127,2021.0
005959,27705,2017.0,Michael,Lamach,CEO,2010-02-04,2021-07-01,,
005959,27705,2018.0,Michael,Lamach,CEO,2010-02-04,2021-07-01,27705,2017.0
005959,27705,2019.0,Michael,Lamach,CEO,2010-02-04,2021-07-01,27705,2018.0
005959,27705,2020.0,Michael,Lamach,CEO,2010-02-04,2021-07-01,27705,2019.0
005959,54953,2021.0,David,Regnery,CEO,2021-07-01,,27705,2020.0
005959,54953,2022.0,David,Regnery,CEO,2021-07-01,,54953,2021.0
006008,44188,2017.0,Brian,Krzanich,CEO,2013-05-16,2018-06-21,,
006008,26136,2018.0,Robert,Swan,CEO,2018-06-01,2021-02-15,44188,2017.0
006008,26136,2019.0,Robert,Swan,CEO,2018-06-01,2021-02-15,26136,2018.0
006008,26136,2020.0,Robert,Swan,CEO,2018-06-01,2021-02-15,26136,2019.0
006008,37196,2021.0,Patrick,Gelsinger,CEO,2021-02-15,2024-12-01,26136,2020.0
006008,37196,2022.0,Patrick,Gelsinger,CEO,2021-02-15,2024-12-01,37196,2021.0
006066,35092,2017.0,Virginia,Rometty,CEO,2012-01-01,2020-01-01,,
006066,35092,2018.0,Virginia,Rometty,CEO,2012-01-01,2020-01-01,35092,2017.0
006066,35092,2019.0,Virginia,Rometty,CEO,2012-01-01,2020-01-01,35092,2018.0
006066,59499,2020.0,Arvind,Krishna,CEO,2020-04-06,,35092,2019.0
006066,59499,2021.0,Arvind,Krishna,CEO,2020-04-06,,59499,2020.0
006066,59499,2022.0,Arvind,Krishna,CEO,2020-04-06,,59499,2021.0
006216,21341,2017.0,Steven,Demetriou,CEO,2015-08-17,2023-01-24,,
006216,21341,2018.0,Steven,Demetriou,CEO,2015-08-17,2023-01-24,21341,2017.0
006216,21341,2019.0,Steven,Demetriou,CEO,2015-08-17,2023-01-24,21341,2018.0
006216,21341,2020.0,Steven,Demetriou,CEO,2015-08-17,2023-01-24,21341,2019.0
006216,21341,2021.0,Steven,Demetriou,CEO,2015-08-17,2023-01-24,21341,2020.0
006216,21341,2022.0,Steven,Demetriou,CEO,2015-08-17,2023-01-24,21341,2021.0
006304,25626,2017.0,Richard,Wallace,CEO,2006-01-01,,,
006304,25626,2018.0,Richard,Wallace,CEO,2006-01-01,,25626,2017.0
006304,25626,2019.0,Richard,Wallace,CEO,2006-01-01,,25626,2018.0
006304,25626,2020.0,Richard,Wallace,CEO,2006-01-01,,25626,2019.0
006304,25626,2021.0,Richard,Wallace,CEO,2006-01-01,,25626,2020.0
006304,25626,2022.0,Richard,Wallace,CEO,2006-01-01,,25626,2021.0
006435,05780,2017.0,Thomas,Falk,CEO,2002-09-12,2019-01-01,,
006435,05780,2018.0,Thomas,Falk,CEO,2002-09-12,2019-01-01,05780,2017.0
006435,45452,2019.0,Michael,Hsu,CEO,2019-01-01,,05780,2018.0
006435,45452,2020.0,Michael,Hsu,CEO,2019-01-01,,45452,2019.0
006435,45452,2021.0,Michael,Hsu,CEO,2019-01-01,,45452,2020.0
006435,45452,2022.0,Michael,Hsu,CEO,2019-01-01,,45452,2021.0
006669,10425,2017.0,Stuart,Miller,CEO,2023-09-01,2025-12-31,,
006669,14262,2018.0,Richard,Beckwitt,CEO,2018-04-12,2023-09-01,10425,2017.0
006669,14262,2019.0,Richard,Beckwitt,CEO,2018-04-12,2023-09-01,14262,2018.0
006669,14262,2020.0,Richard,Beckwitt,CEO,2018-04-12,2023-09-01,14262,2019.0
006669,19665,2021.0,Jonathan,Jaffe,CEO,2020-11-01,2025-12-31,14262,2020.0
006669,19665,2022.0,Jonathan,Jaffe,CEO,2020-11-01,2025-12-31,19665,2021.0
007343,15930,2017.0,Mark M.,Durcan,CEO,2012-02-01,2017-05-08,,
007343,21604,2018.0,Sanjay,Mehrotra,CEO,2017-05-08,,15930,2017.0
007343,21604,2019.0,Sanjay,Mehrotra,CEO,2017-05-08,,21604,2018.0
007343,21604,2020.0,Sanjay,Mehrotra,CEO,2017-05-08,,21604,2019.0
007343,21604,2021.0,Sanjay,Mehrotra,CEO,2017-05-08,,21604,2020.0
007343,21604,2022.0,Sanjay,Mehrotra,CEO,2017-05-08,,21604,2021.0
007985,29729,2017.0,Wesley,Bush,CEO,2010-01-01,2018-12-31,,
007985,29729,2018.0,Wesley,Bush,CEO,2010-01-01,2018-12-31,29729,2017.0
007985,49074,2019.0,Kathy,Warden,CEO,2019-01-01,,29729,2018.0
007985,49074,2020.0,Kathy,Warden,CEO,2019-01-01,,49074,2019.0
007985,49074,2021.0,Kathy,Warden,CEO,2019-01-01,,49074,2020.0
007985,49074,2022.0,Kathy,Warden,CEO,2019-01-01,,49074,2021.0
008543,35355,2017.0,Martin,Barrington,CEO,2012-05-17,2018-05-17,,
008543,42620,2018.0,Howard,"Willard, III, BA (Ho",CEO,2018-05-17,2020-04-14,35355,2017.0
008543,42620,2019.0,Howard,"Willard, III, BA (Ho",CEO,2018-05-17,2020-04-14,42620,2018.0
008543,49093,2020.0,William,"Gifford, Jr.",CEO,2020-04-16,2026-05-14,42620,2019.0
008543,49093,2021.0,William,"Gifford, Jr.",CEO,2020-04-16,2026-05-14,49093,2020.0
008543,49093,2022.0,William,"Gifford, Jr.",CEO,2020-04-16,2026-05-14,49093,2021.0
008762,48233,2017.0,David,Taylor,CEO,2015-11-01,2021-11-01,,
008762,48233,2018.0,David,Taylor,CEO,2015-11-01,2021-11-01,48233,2017.0
008762,48233,2019.0,David,Taylor,CEO,2015-11-01,2021-11-01,48233,2018.0
008762,48233,2020.0,David,Taylor,CEO,2015-11-01,2021-11-01,48233,2019.0
008762,48233,2021.0,David,Taylor,CEO,2015-11-01,2021-11-01,48233,2020.0
008762,36192,2022.0,Jon,Moeller,CEO,2021-11-01,2026-01-01,48233,2021.0
009777,41857,2017.0,Mark,Smucker,CEO,2016-05-01,,,
009777,41857,2018.0,Mark,Smucker,CEO,2016-05-01,,41857,2017.0
009777,41857,2019.0,Mark,Smucker,CEO,2016-05-01,,41857,2018.0
009777,41857,2020.0,Mark,Smucker,CEO,2016-05-01,,41857,2019.0
009777,41857,2021.0,Mark,Smucker,CEO,2016-05-01,,41857,2020.0
009777,41857,2022.0,Mark,Smucker,CEO,2016-05-01,,41857,2021.0
010115,42656,2017.0,Kevin,Lobo,CEO,2012-10-01,,,
010115,42656,2018.0,Kevin,Lobo,CEO,2012-10-01,,42656,2017.0
010115,42656,2019.0,Kevin,Lobo,CEO,2012-10-01,,42656,2018.0
010115,42656,2020.0,Kevin,Lobo,CEO,2012-10-01,,42656,2019.0
010115,42656,2021.0,Kevin,Lobo,CEO,2012-10-01,,42656,2020.0
010115,42656,2022.0,Kevin,Lobo,CEO,2012-10-01,,42656,2021.0
010867,42680,2017.0,Lance,Fritz,CEO,2015-02-05,2023-08-14,,
010867,42680,2018.0,Lance,Fritz,CEO,2015-02-05,2023-08-14,42680,2017.0
010867,42680,2019.0,Lance,Fritz,CEO,2015-02-05,2023-08-14,42680,2018.0
010867,42680,2020.0,Lance,Fritz,CEO,2015-02-05,2023-08-14,42680,2019.0
010867,42680,2021.0,Lance,Fritz,CEO,2015-02-05,2023-08-14,42680,2020.0
010867,42680,2022.0,Lance,Fritz,CEO,2015-02-05,2023-08-14,42680,2021.0
011032,08337,2017.0,Alan,Miller,CEO,1978-01-01,2021-01-01,,
011032,08337,2018.0,Alan,Miller,CEO,1978-01-01,2021-01-01,08337,2017.0
011032,08337,2019.0,Alan,Miller,CEO,1978-01-01,2021-01-01,08337,2018.0
011032,08337,2020.0,Alan,Miller,CEO,1978-01-01,2021-01-01,08337,2019.0
011032,31814,2021.0,Marc,Miller,CEO,2021-01-01,,08337,2020.0
011032,31814,2022.0,Marc,Miller,CEO,2021-01-01,,31814,2021.0
011259,35687,2017.0,C.,McMillon,CEO,2014-02-01,2026-01-31,,
011259,35687,2018.0,C.,McMillon,CEO,2014-02-01,2026-01-31,35687,2017.0
011259,35687,2019.0,C.,McMillon,CEO,2014-02-01,2026-01-31,35687,2018.0
011259,35687,2020.0,C.,McMillon,CEO,2014-02-01,2026-01-31,35687,2019.0
011259,35687,2021.0,C.,McMillon,CEO,2014-02-01,2026-01-31,35687,2020.0
011259,35687,2022.0,C.,McMillon,CEO,2014-02-01,2026-01-31,35687,2021.0
012540,20790,2017.0,Shantanu,Narayen,CEO,2007-12-01,,,
012540,20790,2018.0,Shantanu,Narayen,CEO,2007-12-01,,20790,2017.0
012540,20790,2019.0,Shantanu,Narayen,CEO,2007-12-01,,20790,2018.0
012540,20790,2020.0,Shantanu,Narayen,CEO,2007-12-01,,20790,2019.0
012540,20790,2021.0,Shantanu,Narayen,CEO,2007-12-01,,20790,2020.0
012540,20790,2022.0,Shantanu,Narayen,CEO,2007-12-01,,20790,2021.0
012635,23954,2017.0,Jeffery,"Yabuki, B.S., CPA",CEO,2005-12-01,2020-07-01,,
012635,23954,2018.0,Jeffery,"Yabuki, B.S., CPA",CEO,2005-12-01,2020-07-01,23954,2017.0
012635,23954,2019.0,Jeffery,"Yabuki, B.S., CPA",CEO,2005-12-01,2020-07-01,23954,2018.0
012635,35314,2020.0,Frank,Bisignano,CEO,2020-07-01,2025-05-06,23954,2019.0
012635,35314,2021.0,Frank,Bisignano,CEO,2020-07-01,2025-05-06,35314,2020.0
012635,35314,2022.0,Frank,Bisignano,CEO,2020-07-01,2025-05-06,35314,2021.0
013421,35475,2017.0,Lip-Bu,Tan,CEO,2009-01-01,2021-12-15,,
013421,35475,2018.0,Lip-Bu,Tan,CEO,2009-01-01,2021-12-15,35475,2017.0
013421,35475,2019.0,Lip-Bu,Tan,CEO,2009-01-01,2021-12-15,35475,2018.0
013421,35475,2020.0,Lip-Bu,Tan,CEO,2009-01-01,2021-12-15,35475,2019.0
013421,35475,2021.0,Lip-Bu,Tan,CEO,2009-01-01,2021-12-15,35475,2020.0
013421,47415,2022.0,Anirudh,"Devgan, Ph.D.",CEO,2021-12-15,,35475,2021.0
013498,45517,2017.0,Arnold,Donald,CEO,2013-07-01,2022-08-14,,
013498,45517,2018.0,Arnold,Donald,CEO,2013-07-01,2022-08-14,45517,2017.0
013498,45517,2019.0,Arnold,Donald,CEO,2013-07-01,2022-08-14,45517,2018.0
013498,45517,2020.0,Arnold,Donald,CEO,2013-07-01,2022-08-14,45517,2019.0
013498,45517,2021.0,Arnold,Donald,CEO,2013-07-01,2022-08-14,45517,2020.0
013498,45517,2022.0,Arnold,Donald,CEO,2013-07-01,2022-08-14,45517,2021.0
013721,44952,2017.0,Juan,Alaix,CEO,2012-07-01,2019-12-31,,
013721,44952,2018.0,Juan,Alaix,CEO,2012-07-01,2019-12-31,44952,2017.0
013721,44952,2019.0,Juan,Alaix,CEO,2012-07-01,2019-12-31,44952,2018.0
013721,44948,2020.0,Kristin,Peck,CEO,2020-01-01,,44952,2019.0
013721,44948,2021.0,Kristin,Peck,CEO,2020-01-01,,44948,2020.0
013721,44948,2022.0,Kristin,Peck,CEO,2020-01-01,,44948,2021.0
014282,34218,2017.0,Richard,"Norwitt, J.D.",CEO,2009-01-01,,,
014282,34218,2018.0,Richard,"Norwitt, J.D.",CEO,2009-01-01,,34218,2017.0
014282,34218,2019.0,Richard,"Norwitt, J.D.",CEO,2009-01-01,,34218,2018.0
014282,34218,2020.0,Richard,"Norwitt, J.D.",CEO,2009-01-01,,34218,2019.0
014282,34218,2021.0,Richard,"Norwitt, J.D.",CEO,2009-01-01,,34218,2020.0
014282,34218,2022.0,Richard,"Norwitt, J.D.",CEO,2009-01-01,,34218,2021.0
014934,27781,2017.0,David,Hager,CEO,2015-08-01,2021-01-07,,
014934,27781,2018.0,David,Hager,CEO,2015-08-01,2021-01-07,27781,2017.0
014934,27781,2019.0,David,Hager,CEO,2015-08-01,2021-01-07,27781,2018.0
014934,27781,2020.0,David,Hager,CEO,2015-08-01,2021-01-07,27781,2019.0
014934,47762,2021.0,Richard,Muncrief,CEO,2021-01-07,2025-03-01,27781,2020.0
014934,47762,2022.0,Richard,Muncrief,CEO,2021-01-07,2025-03-01,47762,2021.0
015855,51776,2017.0,Gregory,Clark,CEO,2016-08-01,2019-05-09,,
015855,51776,2018.0,Gregory,Clark,CEO,2016-08-01,2019-05-09,51776,2017.0
015855,43722,2020.0,Vincent,Pilette,CEO,2019-11-08,,51776,2018.0
015855,43722,2021.0,Vincent,Pilette,CEO,2019-11-08,,43722,2020.0
015855,43722,2022.0,Vincent,Pilette,CEO,2019-11-08,,43722,2021.0
016101,18569,2017.0,Richard,Gonzalez,CEO,2013-01-01,2024-07-01,,
016101,18569,2018.0,Richard,Gonzalez,CEO,2013-01-01,2024-07-01,18569,2017.0
016101,18569,2019.0,Richard,Gonzalez,CEO,2013-01-01,2024-07-01,18569,2018.0
016101,18569,2020.0,Richard,Gonzalez,CEO,2013-01-01,2024-07-01,18569,2019.0
016101,18569,2021.0,Richard,Gonzalez,CEO,2013-01-01,2024-07-01,18569,2020.0
016101,18569,2022.0,Richard,Gonzalez,CEO,2013-01-01,2024-07-01,18569,2021.0
020548,10901,2017.0,Dan,Dinges,CEO,2002-05-01,2021-10-01,,
020548,10901,2018.0,Dan,Dinges,CEO,2002-05-01,2021-10-01,10901,2017.0
020548,10901,2019.0,Dan,Dinges,CEO,2002-05-01,2021-10-01,10901,2018.0
020548,10901,2020.0,Dan,Dinges,CEO,2002-05-01,2021-10-01,10901,2019.0
020548,10901,2021.0,Dan,Dinges,CEO,2002-05-01,2021-10-01,10901,2020.0
020548,21488,2022.0,Thomas,Jorden,CEO,2021-10-01,,10901,2021.0
023809,28867,2017.0,William,"Rhodes, III",CEO,2005-03-14,2024-01-02,,
023809,28867,2018.0,William,"Rhodes, III",CEO,2005-03-14,2024-01-02,28867,2017.0
023809,28867,2019.0,William,"Rhodes, III",CEO,2005-03-14,2024-01-02,28867,2018.0
023809,28867,2020.0,William,"Rhodes, III",CEO,2005-03-14,2024-01-02,28867,2019.0
023809,28867,2021.0,William,"Rhodes, III",CEO,2005-03-14,2024-01-02,28867,2020.0
023809,28867,2022.0,William,"Rhodes, III",CEO,2005-03-14,2024-01-02,28867,2021.0
024468,51476,2017.0,Michel,Vounatsos,CEO,2017-01-06,2022-11-14,,
024468,51476,2018.0,Michel,Vounatsos,CEO,2017-01-06,2022-11-14,51476,2017.0
024468,51476,2019.0,Michel,Vounatsos,CEO,2017-01-06,2022-11-14,51476,2018.0
024468,51476,2020.0,Michel,Vounatsos,CEO,2017-01-06,2022-11-14,51476,2019.0
024468,51476,2021.0,Michel,Vounatsos,CEO,2017-01-06,2022-11-14,51476,2020.0
024468,51476,2022.0,Michel,Vounatsos,CEO,2017-01-06,2022-11-14,51476,2021.0
025340,46759,2017.0,David,Auld,CEO,2014-10-01,2023-10-01,,
025340,46759,2018.0,David,Auld,CEO,2014-10-01,2023-10-01,46759,2017.0
025340,46759,2019.0,David,Auld,CEO,2014-10-01,2023-10-01,46759,2018.0
025340,46759,2020.0,David,Auld,CEO,2014-10-01,2023-10-01,46759,2019.0
025340,46759,2021.0,David,Auld,CEO,2014-10-01,2023-10-01,46759,2020.0
025340,46759,2022.0,David,Auld,CEO,2014-10-01,2023-10-01,46759,2021.0
025434,00887,2017.0,Howard,Schultz,CEO,2008-01-01,2023-03-20,,
025434,27193,2018.0,Kevin,Johnson,CEO,2017-04-03,2022-04-04,00887,2017.0
025434,27193,2019.0,Kevin,Johnson,CEO,2017-04-03,2022-04-04,27193,2018.0
025434,27193,2020.0,Kevin,Johnson,CEO,2017-04-03,2022-04-04,27193,2019.0
025434,27193,2021.0,Kevin,Johnson,CEO,2017-04-03,2022-04-04,27193,2020.0
025434,27193,2022.0,Kevin,Johnson,CEO,2017-04-03,2022-04-04,27193,2021.0
026590,31086,2017.0,James,Lico,CEO,2016-07-01,2025-06-28,,
026590,31086,2018.0,James,Lico,CEO,2016-07-01,2025-06-28,31086,2017.0
026590,31086,2019.0,James,Lico,CEO,2016-07-01,2025-06-28,31086,2018.0
026590,31086,2020.0,James,Lico,CEO,2016-07-01,2025-06-28,31086,2019.0
026590,31086,2021.0,James,Lico,CEO,2016-07-01,2025-06-28,31086,2020.0
026590,31086,2022.0,James,Lico,CEO,2016-07-01,2025-06-28,31086,2021.0
027786,46256,2017.0,Robert,Lawler,CEO,2013-06-17,2021-04-30,,
027786,46256,2018.0,Robert,Lawler,CEO,2013-06-17,2021-04-30,46256,2017.0
027786,46256,2019.0,Robert,Lawler,CEO,2013-06-17,2021-04-30,46256,2018.0
027786,46256,2020.0,Robert,Lawler,CEO,2013-06-17,2021-04-30,46256,2019.0
027786,61863,2021.0,Michael,Wichterich,CEO,2026-02-09,,46256,2020.0
027786,41626,2022.0,Domenic,"Dell'Osso, Jr.",CEO,2021-10-11,2026-02-09,61863,2021.0
028180,19277,2017.0,Gregory,Henslee,CEO,2005-02-01,2018-05-01,,
028180,19277,2018.0,Gregory,Henslee,CEO,2005-02-01,2018-05-01,19277,2017.0
028180,48768,2019.0,Gregory,Johnson,CEO,2018-05-08,2024-01-31,19277,2018.0
028180,48768,2020.0,Gregory,Johnson,CEO,2018-05-08,2024-01-31,48768,2019.0
028180,48768,2021.0,Gregory,Johnson,CEO,2018-05-08,2024-01-31,48768,2020.0
028180,48768,2022.0,Gregory,Johnson,CEO,2018-05-08,2024-01-31,48768,2021.0
028930,20993,2017.0,Arne,"Sorenson, J.D.",CEO,2012-03-31,2021-02-15,,
028930,20993,2018.0,Arne,"Sorenson, J.D.",CEO,2012-03-31,2021-02-15,20993,2017.0
028930,20993,2019.0,Arne,"Sorenson, J.D.",CEO,2012-03-31,2021-02-15,20993,2018.0
028930,20993,2020.0,Arne,"Sorenson, J.D.",CEO,2012-03-31,2021-02-15,20993,2019.0
028930,20993,2021.0,Arne,"Sorenson, J.D.",CEO,2012-03-31,2021-02-15,20993,2020.0
028930,42880,2022.0,Anthony,"Capuano, Jr.",CEO,2021-02-15,2021-02-23,20993,2021.0
029736,28409,2017.0,Gregory,Sandfort,CEO,2012-12-01,2020-01-12,,
029736,28409,2018.0,Gregory,Sandfort,CEO,2012-12-01,2020-01-12,28409,2017.0
029736,28409,2019.0,Gregory,Sandfort,CEO,2012-12-01,2020-01-12,28409,2018.0
029736,49417,2020.0,Harry,"Lawton, III",CEO,2020-01-13,,28409,2019.0
029736,49417,2021.0,Harry,"Lawton, III",CEO,2020-01-13,,49417,2020.0
029736,49417,2022.0,Harry,"Lawton, III",CEO,2020-01-13,,49417,2021.0
029751,29189,2017.0,Luther,"Kissam, IV",CEO,2011-09-01,2020-04-20,,
029751,29189,2018.0,Luther,"Kissam, IV",CEO,2011-09-01,2020-04-20,29189,2017.0
029751,29189,2019.0,Luther,"Kissam, IV",CEO,2011-09-01,2020-04-20,29189,2018.0
029751,42495,2020.0,Jerry,"Masters, Jr.",CEO,2020-04-20,,29189,2019.0
029751,42495,2021.0,Jerry,"Masters, Jr.",CEO,2020-04-20,,42495,2020.0
029751,42495,2022.0,Jerry,"Masters, Jr.",CEO,2020-04-20,,42495,2021.0
030923,28425,2017.0,Thierry,Pilenko,CEO,2007-04-27,,,
030923,44526,2018.0,Douglas,Pferdehirt,CEO,2017-01-11,,28425,2017.0
030923,44526,2019.0,Douglas,Pferdehirt,CEO,2017-01-11,,44526,2018.0
030923,44526,2020.0,Douglas,Pferdehirt,CEO,2017-01-11,,44526,2019.0
030923,44526,2021.0,Douglas,Pferdehirt,CEO,2017-01-11,,44526,2020.0
030923,44526,2022.0,Douglas,Pferdehirt,CEO,2017-01-11,,44526,2021.0
031673,20640,2017.0,Steven,Collis,CEO,2011-07-01,2024-10-01,,
031673,20640,2018.0,Steven,Collis,CEO,2011-07-01,2024-10-01,20640,2017.0
031673,20640,2019.0,Steven,Collis,CEO,2011-07-01,2024-10-01,20640,2018.0
031673,20640,2020.0,Steven,Collis,CEO,2011-07-01,2024-10-01,20640,2019.0
031673,20640,2021.0,Steven,Collis,CEO,2011-07-01,2024-10-01,20640,2020.0
031673,20640,2022.0,Steven,Collis,CEO,2011-07-01,2024-10-01,20640,2021.0
031846,20607,2017.0,Eugene,"Lee, Jr.",CEO,2014-10-14,2022-05-29,,
031846,20607,2018.0,Eugene,"Lee, Jr.",CEO,2014-10-14,2022-05-29,20607,2017.0
031846,20607,2019.0,Eugene,"Lee, Jr.",CEO,2014-10-14,2022-05-29,20607,2018.0
031846,20607,2020.0,Eugene,"Lee, Jr.",CEO,2014-10-14,2022-05-29,20607,2019.0
031846,20607,2021.0,Eugene,"Lee, Jr.",CEO,2014-10-14,2022-05-29,20607,2020.0
031846,50105,2022.0,Ricardo,"Cardenas, CPA",CEO,2022-05-30,,20607,2021.0
061483,07568,2017.0,Kent,Thiry,CEO,1999-10-18,2019-06-01,,
061483,07568,2018.0,Kent,Thiry,CEO,1999-10-18,2019-06-01,07568,2017.0
061483,32967,2019.0,Javier,Rodriguez,CEO,2019-06-01,,07568,2018.0
061483,32967,2020.0,Javier,Rodriguez,CEO,2019-06-01,,32967,2019.0
061483,32967,2021.0,Javier,Rodriguez,CEO,2019-06-01,,32967,2020.0
061483,32967,2022.0,Javier,Rodriguez,CEO,2019-06-01,,32967,2021.0
063080,41809,2017.0,Ajei,"Gopal, Ph.D.",CEO,2017-01-01,,,
063080,41809,2018.0,Ajei,"Gopal, Ph.D.",CEO,2017-01-01,,41809,2017.0
063080,41809,2019.0,Ajei,"Gopal, Ph.D.",CEO,2017-01-01,,41809,2018.0
063080,41809,2020.0,Ajei,"Gopal, Ph.D.",CEO,2017-01-01,,41809,2019.0
063080,41809,2021.0,Ajei,"Gopal, Ph.D.",CEO,2017-01-01,,41809,2020.0
063080,41809,2022.0,Ajei,"Gopal, Ph.D.",CEO,2017-01-01,,41809,2021.0
064166,44478,2017.0,Stephen,Rusckowski,CEO,2012-05-01,2022-11-01,,
064166,44478,2018.0,Stephen,Rusckowski,CEO,2012-05-01,2022-11-01,44478,2017.0
064166,44478,2019.0,Stephen,Rusckowski,CEO,2012-05-01,2022-11-01,44478,2018.0
064166,44478,2020.0,Stephen,Rusckowski,CEO,2012-05-01,2022-11-01,44478,2019.0
064166,44478,2021.0,Stephen,Rusckowski,CEO,2012-05-01,2022-11-01,44478,2020.0
064166,44478,2022.0,Stephen,Rusckowski,CEO,2012-05-01,2022-11-01,44478,2021.0
065772,25466,2017.0,Olivier,"Filliol, Ph.D.",CEO,2008-01-01,2021-04-01,,
065772,25466,2018.0,Olivier,"Filliol, Ph.D.",CEO,2008-01-01,2021-04-01,25466,2017.0
065772,25466,2019.0,Olivier,"Filliol, Ph.D.",CEO,2008-01-01,2021-04-01,25466,2018.0
065772,25466,2020.0,Olivier,"Filliol, Ph.D.",CEO,2008-01-01,2021-04-01,25466,2019.0
065772,48832,2021.0,Patrick,Kaltenbach,CEO,2021-04-01,,25466,2020.0
065772,48832,2022.0,Patrick,Kaltenbach,CEO,2021-04-01,,48832,2021.0
111864,26787,2017.0,Francisco,D'Souza,CEO,2007-01-01,2019-03-31,,
111864,26787,2018.0,Francisco,D'Souza,CEO,2007-01-01,2019-03-31,26787,2017.0
111864,58422,2019.0,Brian,Humphries,CEO,2019-04-01,2023-01-12,26787,2018.0
111864,58422,2020.0,Brian,Humphries,CEO,2019-04-01,2023-01-12,58422,2019.0
111864,58422,2021.0,Brian,Humphries,CEO,2019-04-01,2023-01-12,58422,2020.0
111864,58422,2022.0,Brian,Humphries,CEO,2019-04-01,2023-01-12,58422,2021.0
114524,42986,2017.0,Devin,"Wenig, J.D.",CEO,2015-07-17,2019-09-24,,
114524,42986,2018.0,Devin,"Wenig, J.D.",CEO,2015-07-17,2019-09-24,42986,2017.0
114524,42986,2019.0,Devin,"Wenig, J.D.",CEO,2015-07-17,2019-09-24,42986,2018.0
114524,45005,2020.0,Jamie,Iannone,CEO,2020-04-27,,42986,2019.0
114524,45005,2021.0,Jamie,Iannone,CEO,2020-04-27,,45005,2020.0
114524,45005,2022.0,Jamie,Iannone,CEO,2020-04-27,,45005,2021.0
125595,46050,2017.0,F.,Leighton,CEO,2013-01-01,,,
125595,46050,2018.0,F.,Leighton,CEO,2013-01-01,,46050,2017.0
125595,46050,2019.0,F.,Leighton,CEO,2013-01-01,,46050,2018.0
125595,46050,2020.0,F.,Leighton,CEO,2013-01-01,,46050,2019.0
125595,46050,2021.0,F.,Leighton,CEO,2013-01-01,,46050,2020.0
125595,46050,2022.0,F.,Leighton,CEO,2013-01-01,,46050,2021.0
138205,43454,2017.0,Francis,deSouza,CEO,2016-07-05,2023-06-11,,
138205,43454,2018.0,Francis,deSouza,CEO,2016-07-05,2023-06-11,43454,2017.0
138205,43454,2019.0,Francis,deSouza,CEO,2016-07-05,2023-06-11,43454,2018.0
138205,43454,2020.0,Francis,deSouza,CEO,2016-07-05,2023-06-11,43454,2019.0
138205,43454,2021.0,Francis,deSouza,CEO,2016-07-05,2023-06-11,43454,2020.0
138205,43454,2022.0,Francis,deSouza,CEO,2016-07-05,2023-06-11,43454,2021.0
140541,45076,2017.0,Victor,Luis,CEO,2014-01-01,2019-09-03,,
140541,45076,2018.0,Victor,Luis,CEO,2014-01-01,2019-09-03,45076,2017.0
140541,45076,2019.0,Victor,Luis,CEO,2014-01-01,2019-09-03,45076,2018.0
140541,59232,2020.0,Jide,Zeitlin,CEO,2019-09-04,2020-07-20,45076,2019.0
140541,47858,2021.0,Joanne,Crevoiserat,CEO,2020-07-21,,59232,2020.0
140541,47858,2022.0,Joanne,Crevoiserat,CEO,2020-07-21,,47858,2021.0
141384,48843,2017.0,Joseph,Hogan,CEO,2015-06-01,,,
141384,48843,2018.0,Joseph,Hogan,CEO,2015-06-01,,48843,2017.0
141384,48843,2019.0,Joseph,Hogan,CEO,2015-06-01,,48843,2018.0
141384,48843,2020.0,Joseph,Hogan,CEO,2015-06-01,,48843,2019.0
141384,48843,2021.0,Joseph,Hogan,CEO,2015-06-01,,48843,2020.0
141384,48843,2022.0,Joseph,Hogan,CEO,2015-06-01,,48843,2021.0
143357,42282,2017.0,Pierre,Nanterme,CEO,2011-01-01,2019-01-10,,
143357,42282,2018.0,Pierre,Nanterme,CEO,2011-01-01,2019-01-10,42282,2017.0
143357,45297,2019.0,David,Rowland,CEO,2019-01-10,2019-09-01,42282,2018.0
143357,48510,2020.0,Julie T.,"Sweet, J.D.",CEO,2019-09-01,,45297,2019.0
143357,48510,2021.0,Julie T.,"Sweet, J.D.",CEO,2019-09-01,,48510,2020.0
143357,48510,2022.0,Julie T.,"Sweet, J.D.",CEO,2019-09-01,,48510,2021.0
146017,11057,2017.0,Vernon,Nagel,CEO,2004-09-01,2020-01-31,,
146017,11057,2018.0,Vernon,Nagel,CEO,2004-09-01,2020-01-31,11057,2017.0
146017,11057,2019.0,Vernon,Nagel,CEO,2004-09-01,2020-01-31,11057,2018.0
146017,42694,2020.0,Neil,Ashe,CEO,2020-01-31,,11057,2019.0
146017,42694,2021.0,Neil,Ashe,CEO,2020-01-31,,42694,2020.0
146017,42694,2022.0,Neil,Ashe,CEO,2020-01-31,,42694,2021.0
148349,49893,2017.0,Walter,Howley,CEO,2003-01-01,2018-04-25,,
148349,49893,2018.0,Walter,Howley,CEO,2003-01-01,2018-04-25,49893,2017.0
148349,40318,2019.0,Kevin,"Stein, Ph.D.",CEO,2018-04-25,2025-09-30,49893,2018.0
148349,40318,2020.0,Kevin,"Stein, Ph.D.",CEO,2018-04-25,2025-09-30,40318,2019.0
148349,40318,2021.0,Kevin,"Stein, Ph.D.",CEO,2018-04-25,2025-09-30,40318,2020.0
148349,40318,2022.0,Kevin,"Stein, Ph.D.",CEO,2018-04-25,2025-09-30,40318,2021.0
149318,00643,2017.0,Stephen,Wynn,CEO,2002-06-01,2018-02-06,,
149318,35232,2018.0,Matthew,Maddox,CEO,2018-02-06,2022-01-31,00643,2017.0
149318,35232,2019.0,Matthew,Maddox,CEO,2018-02-06,2022-01-31,35232,2018.0
149318,35232,2020.0,Matthew,Maddox,CEO,2018-02-06,2022-01-31,35232,2019.0
149318,35232,2021.0,Matthew,Maddox,CEO,2018-02-06,2022-01-31,35232,2020.0
149318,54705,2022.0,Craig,Billings,CEO,2022-02-01,,35232,2021.0
157855,35712,2017.0,Marc,Benioff,CEO,2021-11-30,2023-01-31,,
157855,35712,2018.0,Marc,Benioff,CEO,2021-11-30,2023-01-31,35712,2017.0
157855,35712,2019.0,Marc,Benioff,CEO,2021-11-30,2023-01-31,35712,2018.0
157855,23585,2020.0,Keith,Block,CEO,2018-08-07,2020-02-01,35712,2019.0
157855,35712,2021.0,Marc,Benioff,CEO,2021-11-30,2023-01-31,23585,2020.0
157855,56955,2022.0,Bret,Taylor,CEO,2021-11-30,2023-01-31,35712,2021.0
164296,37849,2017.0,David,Zaslav,CEO,2022-04-08,,,
164296,37849,2018.0,David,Zaslav,CEO,2022-04-08,,37849,2017.0
164296,37849,2019.0,David,Zaslav,CEO,2022-04-08,,37849,2018.0
164296,37849,2020.0,David,Zaslav,CEO,2022-04-08,,37849,2019.0
164296,37849,2021.0,David,Zaslav,CEO,2022-04-08,,37849,2020.0
164296,37849,2022.0,David,Zaslav,CEO,2022-04-08,,37849,2021.0
165993,35378,2017.0,Gary,Norcross,CEO,2015-01-01,2022-12-16,,
165993,35378,2018.0,Gary,Norcross,CEO,2015-01-01,2022-12-16,35378,2017.0
165993,35378,2019.0,Gary,Norcross,CEO,2015-01-01,2022-12-16,35378,2018.0
165993,35378,2020.0,Gary,Norcross,CEO,2015-01-01,2022-12-16,35378,2019.0
165993,35378,2021.0,Gary,Norcross,CEO,2015-01-01,2022-12-16,35378,2020.0
165993,35378,2022.0,Gary,Norcross,CEO,2015-01-01,2022-12-16,35378,2021.0
170841,41249,2017.0,Gregory,Garland,CEO,2012-04-30,2022-07-01,,
170841,41249,2018.0,Gregory,Garland,CEO,2012-04-30,2022-07-01,41249,2017.0
170841,41249,2019.0,Gregory,Garland,CEO,2012-04-30,2022-07-01,41249,2018.0
170841,41249,2020.0,Gregory,Garland,CEO,2012-04-30,2022-07-01,41249,2019.0
170841,41249,2021.0,Gregory,Garland,CEO,2012-04-30,2022-07-01,41249,2020.0
170841,61716,2022.0,Mark,Lashier,CEO,2022-07-01,,41249,2021.0
178704,41269,2017.0,Mary,Dillon,CEO,2013-07-01,2021-06-02,,
178704,41269,2018.0,Mary,Dillon,CEO,2013-07-01,2021-06-02,41269,2017.0
178704,41269,2019.0,Mary,Dillon,CEO,2013-07-01,2021-06-02,41269,2018.0
178704,41269,2020.0,Mary,Dillon,CEO,2013-07-01,2021-06-02,41269,2019.0
178704,49555,2021.0,David,Kimbell,CEO,2021-06-02,2025-01-06,41269,2020.0
178704,49555,2022.0,David,Kimbell,CEO,2021-06-02,2025-01-06,49555,2021.0
179621,32598,2017.0,Andre,Calantzopoulos,CEO,2002-01-01,2021-05-05,,
179621,32598,2018.0,Andre,Calantzopoulos,CEO,2002-01-01,2021-05-05,32598,2017.0
179621,32598,2019.0,Andre,Calantzopoulos,CEO,2002-01-01,2021-05-05,32598,2018.0
179621,32598,2020.0,Andre,Calantzopoulos,CEO,2002-01-01,2021-05-05,32598,2019.0
179621,44582,2021.0,Jacek,Olczak,CEO,2021-05-05,,32598,2020.0
179621,44582,2022.0,Jacek,Olczak,CEO,2021-05-05,,44582,2021.0
180405,22978,2017.0,Robert,Kotick,CEO,1991-02-01,,,
180405,22978,2018.0,Robert,Kotick,CEO,1991-02-01,,22978,2017.0
180405,22978,2019.0,Robert,Kotick,CEO,1991-02-01,,22978,2018.0
180405,22978,2020.0,Robert,Kotick,CEO,1991-02-01,,22978,2019.0
180405,22978,2021.0,Robert,Kotick,CEO,1991-02-01,,22978,2020.0
180405,22978,2022.0,Robert,Kotick,CEO,1991-02-01,,22978,2021.0
199356,43350,2017.0,Stephen,Kaufer,CEO,2000-02-01,2022-07-01,,
199356,43350,2018.0,Stephen,Kaufer,CEO,2000-02-01,2022-07-01,43350,2017.0
199356,43350,2019.0,Stephen,Kaufer,CEO,2000-02-01,2022-07-01,43350,2018.0
199356,43350,2020.0,Stephen,Kaufer,CEO,2000-02-01,2022-07-01,43350,2019.0
199356,43350,2021.0,Stephen,Kaufer,CEO,2000-02-01,2022-07-01,43350,2020.0
199356,63767,2022.0,Matthew,Goldberg,CEO,2022-07-01,,43350,2021.0
