gvkey,fyear,net_tone,strong_modality,inverse_hedging,n_calls_used,z_net_tone,z_strong_modality,z_inverse_hedging,overconfidence,overconfidence_pca
001161,2018,17.221644769984717,6.099294197181526,-5.117788954909614,4,0.2766596705338334,-0.03008889750376652,0.4446340486155567,0.23040160721520786,0.49404195429225284
001161,2019,17.371349755394107,6.850973592334944,-5.12718239332912,4,0.29895804827917183,0.31301694570199584,0.4406401912862556,0.35087172842247444,0.398789678229843
001161,2020,20.062436636208925,4.788426272899296,-3.668002925196316,4,0.6997922065394063,-0.6284376714520585,1.061047155520579,0.3774672302026422,1.3798777905736033
001161,2021,22.89872828142734,4.168057469292274,-4.099578071168128,4,1.1222544400320047,-0.9116064836245595,0.877552094084457,0.3627333501639674,1.6281088806149802
001161,2022,15.80187778839421,5.026134773337783,-4.7430385053464645,3,0.06518708410466799,-0.5199350624860671,0.6039686567542185,0.049740226124273125,0.6130965708309384
001209,2018,17.26332859266457,7.245220078580578,-4.796227168354141,4,0.28286842584978555,0.49297168966116583,0.5813541547899735,0.45239809010030835,0.42633931355345694
001209,2019,14.14730908250741,9.144585641260004,-4.228830511484267,4,-0.18125893710556204,1.3599416068106207,0.8225971581991367,0.6670932759680651,0.00614799605615067
001209,2020,5.646152014530278,7.769351165081495,-4.829770725636441,4,-1.4474960704637028,0.7322125675457395,0.5670922651474601,-0.04939707925683438,-0.817423451688629
001209,2021,7.695154314943839,8.68294506264407,-5.324775937765534,4,-1.142299639157526,1.1492246695029427,0.35662831081965163,0.12118444705502278,-0.8852844578353243
001209,2022,6.031809922586794,8.142355332183417,-7.049833024005379,4,-1.3900527883258067,0.9024712045363774,-0.37682323052808053,-0.2881349381058366,-1.467618578986652
001300,2018,17.60419326944623,5.2986568215233065,-7.001201497611887,4,0.3336398099966452,-0.39554172705910473,-0.3561463101664779,-0.13934940907631246,0.1077276892438105
001300,2019,17.20843170980157,3.420273592701349,-9.82291599230508,4,0.27469160109158997,-1.2529342081407238,-1.5558694160766169,-0.8447040077085836,-0.47063518828815265
001300,2020,8.421243773338835,6.381106832898375,-8.570225230636467,4,-1.0341494865361935,0.09854514864290626,-1.0232563348593353,-0.6529535575842075,-1.4124074753706346
001300,2021,16.439811821889958,6.1872031044761675,-7.3037543440419395,4,0.16020659208294652,0.010037331786407297,-0.4847842858736846,-0.10484678733477693,-0.22211870739610345
001300,2022,11.771157915480261,5.910897685008468,-8.038492066016032,3,-0.5351837991100235,-0.11608293243799346,-0.7971765649273957,-0.4828144321584709,-0.8587233201524266
001327,2018,19.02870716991718,5.990280374392961,-3.3965859952262214,4,0.5458194442908707,-0.0798485155405492,1.176446910822797,0.5474726131910396,1.1825175313056886
001327,2019,20.933735482319964,5.057761099942641,-3.773695034788063,4,0.829571123029938,-0.5054991506768232,1.0161094886417783,0.4467271536649644,1.3980532648093598
001327,2020,21.212707704167507,3.4254541656545534,-3.8137808671787616,4,0.8711237003619597,-1.250569523325816,0.9990659856831309,0.2065400542397582,1.64786450436271
001327,2021,23.13038262036506,3.546855144355439,-3.6900376079382307,4,1.1567590755446708,-1.1951557585855033,1.0516785542440883,0.3377606237344186,1.8572673491861003
001327,2022,23.275365992088247,3.8946789867455633,-2.177440878873222,4,1.1783541746032333,-1.0363907405474948,1.6947972146175228,0.6122535495577538,2.25486110784259
001602,2018,15.289253077359836,5.944138299153049,-4.848748628793515,4,-0.011167750819369706,-0.10091017525149912,0.5590233308303678,0.14898180158649968,0.40040393977014566
001602,2019,14.681942315199771,7.115448363885495,-4.289250004035026,4,-0.10162595931805037,0.4337370826175252,0.796908286629445,0.37633980330963995,0.3324040822459233
001602,2020,16.430106826300992,6.057877776335749,-7.102312284210189,2,0.15876104464798438,-0.04899352105534683,-0.39913611199330024,-0.09645619613355423,-0.14694332596094453
001602,2021,20.196601981086527,4.541759607897479,-6.779339485857989,3,0.7197759734943492,-0.741029255885377,-0.2618160785553597,-0.09435645364879586,0.5381480219410334
001602,2022,19.382575757575758,6.9810606060606055,-7.068181818181818,2,0.5985277453420491,0.37239547173616067,-0.3846246832903869,0.19543284459594099,0.02540222225175308
001891,2018,15.17889150831252,5.154079031417926,-9.53860281195367,3,-0.02760597395840336,-0.4615346023497832,-1.434986494567766,-0.6413756902919842,-0.8397480168338899
001891,2019,17.018447387397035,3.805713976745595,-8.639703700472388,4,0.2463936644859146,-1.0769990304230184,-1.0527968591690062,-0.6278007417020367,-0.2061079139611175
001891,2020,5.2707241894527,3.7808560671314715,-7.902183253903491,4,-1.5034155940306555,-1.088345482239415,-0.739221434548991,-1.1103275036063538,-1.1637216970784394
001891,2021,11.296051089677874,4.227918610097618,-9.164501027546724,4,-0.6059503900966845,-0.8842827238890882,-1.275927682785312,-0.922053598923695,-0.9876766887902015
001891,2022,8.166243596747375,5.043639607593033,-7.128710067460712,4,-1.0721314565234654,-0.5119449393617012,-0.4103597955268474,-0.6648120638040046,-0.8340438601828057
002086,2018,11.955194238708586,7.402116337693235,-3.5926335371630898,4,-0.5077718098366789,0.5645873593546135,1.0930923523226743,0.38330263394686964,0.21867707881284215
002086,2019,10.247755047183716,6.623378167635325,-5.671788934130269,4,-0.7620928263726374,0.20913047414932223,0.2090869806911582,-0.11462512384405232,-0.43533291449374334
002086,2020,6.660129401088879,6.787529528739244,-6.606771020900998,4,-1.2964653567644608,0.2840577523587221,-0.18844424198234164,-0.4002839487960268,-1.084366397524751
002086,2021,9.39054704835349,9.016179711134082,-6.729148053909072,4,-0.8897729280871601,1.3013304153737681,-0.2404759249923116,0.05702718743143214,-1.1656696053737639
002086,2022,5.221167486708176,8.20366870660728,-7.980219809248496,3,-1.510797005375034,0.930457839752308,-0.7724006448231393,-0.45091327014862176,-1.82353200652876
002136,2019,19.5475611062884,9.500163507431694,-2.24479423657629,4,0.6231021148460463,1.5222459673994098,1.666160235345179,1.2705027725302116,1.061938058473346
002136,2020,15.935565646519287,8.50832496502716,-2.7412281609071107,4,0.08509972998139778,1.069518911676105,1.4550888279801013,0.8699024898792014,0.7013005624946369
002136,2021,21.058225476740155,9.167113604535219,-3.1709431071015395,4,0.8481137581566529,1.370224549093046,1.2723846774099554,1.1635743282198847,0.9952661445948487
002136,2022,17.57529934959497,11.197553263993555,-3.083834656689598,3,0.3293360953432886,2.2970235486780823,1.3094210327449045,1.311926892255425,0.3822701678145277
002285,2018,18.739755902817045,3.9248881440597527,-4.035037600791263,4,0.5027805001556884,-1.0226016990230762,0.9049931033442731,0.12839063482562843,1.2663586012512353
002285,2019,11.056369450462995,8.766923963258993,-5.519059071505808,3,-0.6416506823429311,1.1875570379205913,0.27402393497822575,0.273310096851962,-0.6174999553176044
002285,2020,3.213166946608987,12.000611506488053,-10.100871992831383,4,-1.8098862737352777,2.663581388644116,-1.6740494221987579,-0.27345143576330644,-3.1738042273226714
002285,2021,12.365839207758452,8.505741401182537,-7.9660725607117335,4,-0.4466067349792427,1.0683396378299665,-0.7663855851895273,-0.04821756077960112,-1.1497632364179298
002285,2022,8.254253390044857,9.055706844045908,-8.11588868340635,3,-1.0590225035325562,1.31937266896574,-0.8300836894352379,-0.1899111746673514,-1.6815601253866128
002663,2019,24.76742719168249,5.900929842780659,-5.248075845017199,3,1.400594897961458,-0.12063277767063595,0.38923929030346843,0.5564004701980968,1.2380717233336989
002663,2020,18.630726774631984,4.451508247440691,-6.36887530908738,4,0.4865407424825087,-0.7822247034786604,-0.0872968782797036,-0.1276602797586184,0.5122722953694427
002663,2021,16.8923699743095,4.48424860654612,-7.9709646760663375,4,0.22761458525556702,-0.7672802888915942,-0.7684655914547728,-0.43604376503026665,-0.12435162770665
002663,2022,16.47325408222582,4.083295158352339,-7.814240596589379,4,0.16518777658784325,-0.9502964415436262,-0.7018303951035386,-0.4956463533531072,-0.06397886563935336
002884,2018,17.9487423496099,5.02204609684092,-4.24882213692431,4,0.3849599816014082,-0.5218013485730572,0.814097214278436,0.22575194910226234,0.9693368975689551
002884,2019,19.285905538242716,5.7639762835957855,-5.078713866432736,4,0.5841288322963805,-0.18314555466988536,0.4612478082993799,0.2874103619752917,0.759159660524592
002884,2020,13.255789407454198,4.727685032810399,-4.64125305200459,4,-0.31404972177699253,-0.6561631545934598,0.6472453101681079,-0.10765585540078144,0.43085039565339683
002884,2021,14.819195254856355,7.733573595021576,-6.0279583568947785,4,-0.08118229882971575,0.7158818108130022,0.057652564873083276,0.23078402561878988,-0.23988136145385375
002884,2022,10.386707981225186,6.98025231852456,-5.227562530254093,3,-0.7413959537627728,0.37202652697274713,0.397961043601469,0.009530538937147781,-0.3453787969072194
003062,2021,13.537548319033451,5.547008039887397,-4.843295925344245,4,-0.2720820703569114,-0.2821812242471337,0.5613416852670295,0.002359463554328145,0.283968885284945
003062,2022,16.622663813732053,4.10697547194466,-3.369212108163882,4,0.1874421766189767,-0.9394875062251162,1.1880856095178731,0.14534675997057786,1.2196103169854615
003144,2018,17.29319821758873,7.126754293927423,-4.362470440435797,4,0.28731747060169616,0.4388977012074086,0.7657767708293743,0.4973306475461597,0.5703937401777484
003144,2019,18.2508417648219,5.297883029805215,-4.019607692145588,4,0.42995732660379093,-0.39589492612457505,0.9115535182831743,0.31520530625413007,1.0256283980231167
003144,2020,16.630647618171004,9.98078866502594,-5.703279078114832,4,0.18863135469970518,1.7416284608208492,0.19569815151734596,0.7086526556793001,-0.2875998867736815
003144,2021,18.004589446257086,6.304766912272855,-4.578448892961873,4,0.39327833956132446,0.06369961076417543,0.6739480828591469,0.37697534439488223,0.6971281353161716
003144,2022,14.682576126136537,6.080798424283589,-5.74664896770972,3,-0.10153155394037724,-0.038531336922494434,0.1772583487854909,0.012398485974206406,0.0633640296858415
003226,2018,32.93682853920869,6.988974586138369,-5.736232149827187,4,2.617417415276172,0.3760078267178219,0.18168732171214097,1.0583708545687116,1.7579371749386286
003226,2019,31.400794184485928,4.236865639168598,-5.564143632796386,4,2.3886269432838008,-0.8801988312436624,0.25485509631582626,0.5877610694519882,2.047509597260818
003226,2020,21.912021795507453,7.465685096837648,-6.519303881708611,4,0.9752856942240439,0.5936034702769253,-0.15125538106309563,0.4725445944792912,0.3655670231830372
003226,2021,28.133747668071756,5.850473080715238,-5.166501582698996,4,1.902004289165924,-0.14366388641927394,0.42392264594939977,0.7274210162320166,1.6045362921983426
003226,2022,28.506407953048267,8.187764896730988,-5.797836908716875,3,1.9575115909592984,0.9231985080039958,0.15549450425559747,1.0120682010729638,1.126777550463419
003650,2018,9.571086581516838,5.417601126950228,-4.309205564871956,4,-0.8628817814935151,-0.34124931666291675,0.7884236764846246,-0.1385691405572691,0.05953279187105574
003650,2019,0.5770808630291602,6.42808263761636,-4.448297088613027,4,-2.2025281293164345,0.11998736615206607,0.7292854060528543,-0.45108511903717136,-1.0222417818481473
003650,2020,-2.5407731444530435,6.158964098595579,-6.129135831052485,4,-2.6669287384446787,-0.002852429442147198,0.014634409147932575,-0.885048919579631,-1.775882605909139
003650,2021,9.142040930313918,6.677387826575334,-5.154785347761817,4,-0.9267876158540411,0.23378331110527634,0.4289040988195752,-0.08803340197639654,-0.4054345439990492
003650,2022,17.522112034307156,6.677773446066129,-3.2223873687288322,2,0.32141390862181873,0.23395932803669542,1.250511851701747,0.6019616961200871,0.9837131865725766
004321,2018,10.973141070198166,7.088967970134337,-5.318394408263061,4,-0.6540474496062438,0.4216500440675895,0.3593415790860064,0.04231472451578402,-0.32840448691253793
004321,2019,3.7932983245199003,7.422702738304669,-5.382516897033339,4,-1.7234764018715856,0.5739840707529833,0.3320782852514081,-0.272471348622398,-1.1109151917752804
004321,2020,3.4246858196335945,8.818932855259046,-5.668375291249259,4,-1.778380791682873,1.211296620060173,0.21053837708415846,-0.11884859817951392,-1.4291862072188082
004321,2021,14.220160797138522,7.461894427257155,-5.188931845025456,4,-0.1704077617235414,0.5918732101539058,0.41438585403253864,0.2786171008209677,-0.020690208945325375
004321,2022,18.318796173773467,6.414833637446465,-4.878975990738927,4,0.44007905418767557,0.11393982859252301,0.5461714052989851,0.36673009602639456,0.6267354252591535
004510,2018,9.07844571596587,10.370904227978818,-5.656440630630846,4,-0.9362600466381639,1.919697635042817,0.2156126991433298,0.399683429182661,-1.0835747771363866
004510,2019,7.349721040573006,5.793430252879985,-6.981645644014323,4,-1.1937515104273178,-0.16970122051336725,-0.34783164563861113,-0.5704281255264321,-0.980664997979778
004510,2020,4.197650083757987,6.676278599613568,-5.939106395415231,4,-1.663248693055968,0.23327700182704247,0.09543021792513,-0.4448471577679318,-1.1231002900048772
004510,2021,6.512284227435642,5.0861303030625,-5.640918003812748,4,-1.3184867177827977,-0.492549960609523,0.2222125355524053,-0.529608047613305,-0.5793861701495717
004510,2022,7.752833766365135,5.947459778687201,-6.135055915238173,3,-1.133708354155101,-0.09939407803824042,0.012117335999724253,-0.4069950320645391,-0.7201946873784665
004818,2018,11.064315057527004,4.481758819851481,-6.597085792200682,4,-0.6404671937153159,-0.7684167579351446,-0.1843263226536332,-0.5310700914346979,-0.3123668629973157
004818,2019,5.489860321498172,5.813689330962946,-8.926373186251464,4,-1.470775530397238,-0.16045391625966088,-1.1746816233772044,-0.9353036900113677,-1.7256833426711056
004818,2021,11.406231648373126,4.795157775913036,-5.668738096070914,4,-0.5895391282321544,-0.6253650609315856,0.21038412146109867,-0.33484002256754714,-0.057398015318067944
004818,2022,8.178437929286671,5.079264204585836,-5.947574845668064,3,-1.0703151253400387,-0.49568400754836317,0.09182964265123826,-0.4913898300790545,-0.4999076126305927
005047,2018,16.13255670923628,6.252487247205239,-2.2877247567020005,2,0.11444131213984779,0.03983643361552106,1.6479072416279121,0.6007283291277603,1.1733604535584157
005047,2019,18.58500611340299,6.597388979557522,-7.233900807641005,4,0.4797307049138679,0.19726764759432824,-0.45508429255141614,0.07397135331892668,-0.04673604313665432
005047,2020,11.743681990999502,7.068766381036525,-6.544114905873265,4,-0.5392763050562946,0.41242898079754164,-0.16180441393924658,-0.09621724606599986,-0.5994015991170831
005047,2021,19.525798751895774,7.452781469158536,-6.461404146647787,4,0.6198606383010425,0.5877135788101634,-0.12663784796072614,0.36031212305015997,0.14587602007035
005047,2022,16.10598195881604,5.707121257944653,-4.563298034914066,3,0.11048303498736632,-0.20909716601149408,0.6803898523962507,0.19392524045737433,0.5974868983925502
005959,2018,18.54847000528942,4.192264430514127,-6.990815701689264,4,0.47428869549893093,-0.9005571587461276,-0.35173052700873036,-0.2593329967519757,0.36315507869288666
005959,2019,14.035298352969061,3.6921730660277476,-7.11912163396735,4,-0.19794280071869993,-1.1288250484852085,-0.40628303112240377,-0.5776836267754374,-0.05238283178771656
005959,2020,8.022683838155896,5.319950874078199,-7.749081632485948,4,-1.093514510116159,-0.38582200625230667,-0.6741264176320141,-0.71782097800016,-1.0654221049912673
005959,2021,19.37333281878927,3.2224660490985944,-6.076703962674355,4,0.5971510207127754,-1.343223930697814,0.036927140782400086,-0.23638192306754616,0.8457578235272433
005959,2022,26.2682965230518,3.4758173732824216,-6.817097253095153,3,1.624147581966912,-1.227581117722148,-0.27786974587967506,0.03956557278836296,1.2856452190658676
006008,2018,20.26993598351751,5.870395457616456,-6.586328398833153,4,0.7306989850648179,-0.13457027021876564,-0.17975254546722372,0.1387920564596095,0.41068477976233514
006008,2019,20.92804003344369,5.7660668848551655,-6.065916323212791,4,0.8287227927614093,-0.18219129476528842,0.04151377785876127,0.22934842528496072,0.6402036907830241
006008,2020,18.670093207058876,5.089337463890607,-5.597484395055231,4,0.4924043253040205,-0.491086044440849,0.2406794300938109,0.08066590365232747,0.6457353600635507
006008,2021,28.32397119093244,8.364329172778849,-2.897949503388328,4,1.9303378543922058,1.00379169068802,1.3884547953316577,1.440861446803961,1.913204392267307
006008,2022,20.554131052578835,7.626665527663298,-3.6029709414972335,3,0.7730294992154476,0.6670833698380786,1.088697144069631,0.8429366710410523,1.0416378651610825
006066,2020,7.929280341505734,6.608261156606771,-5.321029253734269,4,-1.1074268487423256,0.20223027860166556,0.35822130805991353,-0.1823250873602488,-0.5641372613979482
006066,2021,9.561370286581907,5.834724174060263,-6.000615562354793,4,-0.8643290119524857,-0.15085251222472296,0.06927804379785354,-0.3153011601264517,-0.4851355198486269
006066,2022,6.95579573354438,5.215103627800006,-4.3045227911194,3,-1.2524262117109917,-0.43367978055612316,0.7904146758863206,-0.2985637721269314,-0.1711299685375537
006216,2018,26.25701457262887,4.141737227770864,-4.5071463437381905,4,1.6224671490037297,-0.9236204203092804,0.7042641605398722,0.46770362974477386,1.8503382658600112
006216,2019,25.661776416948868,5.639620413404364,-4.040491765122218,4,1.533807140738175,-0.23990808664125277,0.9026741277769064,0.7321910606246096,1.710267991295329
006216,2020,15.524949964277514,3.947115799354704,-4.791528151045905,4,0.02393901735884661,-1.012455833030694,0.5833520605491724,-0.135054918374225,0.7259040545884823
006216,2021,14.496730189964984,3.1636337706085826,-3.8824838414896163,4,-0.12921308288783895,-1.3700780637885739,0.9698551828607691,-0.17647865460521453,0.9955030588398923
006216,2022,15.641344477401631,2.6969900079534046,-5.265353096433412,4,0.04127584027111502,-1.5830787163205435,0.38189343097941864,-0.38663648169000325,0.7807082917994104
006304,2018,15.09329822449999,4.7063068011248825,-5.080787906672055,3,-0.04035499076433299,-0.6659212991641383,0.46036597776607185,-0.08197010405413317,0.4914761592221264
006304,2019,14.688387468096366,3.7142659702413723,-5.497284708268651,4,-0.10066596153626835,-1.1187406899435821,0.2832818548497177,-0.31204159887671096,0.473758399162577
006304,2020,18.11533907563457,5.55046007189279,-6.265784301747082,4,0.4097743638203834,-0.2806055360486543,-0.04346513564581416,0.02856789737530498,0.33317964647984205
006304,2021,17.960476600026723,3.7508887896045042,-5.8402606194095625,4,0.3867077841053606,-1.1020241171611194,0.13745699335497819,-0.19261977990026022,0.6968697331697196
006304,2022,9.548495319573743,3.479988957363238,-5.270822251701005,4,-0.8662467228224459,-1.2256769882717724,0.37956808163713684,-0.570785209819027,0.05919505890163333
006435,2018,7.484436343969683,3.725561789757405,-12.114435768361098,3,-1.1736858278115898,-1.1135846863272298,-2.530166861177756,-1.6058124584388587,-2.140373414013883
006435,2019,31.516698174411587,2.6836042152172177,-8.573460973953544,4,2.405890703354894,-1.5891886931714982,-1.0246320927645354,-0.06931002752704647,1.420017230684505
006435,2020,17.409305305276984,5.156960171485919,-8.217027772854719,4,0.3046114818405591,-0.46021949913051696,-0.8730855249328131,-0.34289784740759033,-0.23939619133664358
006435,2021,15.172363673304057,5.127913796849323,-9.89427634729629,4,-0.028578287141427204,-0.4734777857431566,-1.5862100713377763,-0.6960887147407867,-0.9384431082186169
006435,2022,14.738916372369388,2.5311333075949825,-8.014904588485278,3,-0.09313974194206615,-1.658784400678417,-0.7871477537712699,-0.8463572987972509,-0.07247891675301278
006669,2018,10.68788878574578,5.706750658444019,-5.093172705515748,4,-0.696535434719404,-0.2092663270327707,0.4551002680839718,-0.15023383122273432,-0.0947353960475368
006669,2019,11.053027926105461,6.5971168661935184,-4.720859597193096,4,-0.6421483983820181,0.1971434408037658,0.6133985791030238,0.056131207174923814,-0.07908947246480764
006669,2020,12.787213556710956,4.610822260735605,-8.155208935104948,2,-0.38384353187385256,-0.7095054441528287,-0.8468016864479512,-0.6467168874915442,-0.6048077183209036
006669,2021,0.9382697079353348,6.793456312785861,-5.1067321377666675,4,-2.1487294847416014,0.28676304699753297,0.4493351333741896,-0.47087710145662626,-1.2268846359911527
006669,2022,1.8039548583723393,6.965183189051243,-4.593068113395879,4,-2.01978672147833,0.3651481870745729,0.6677323524661336,-0.32896872731254106,-1.0180640180254878
007343,2018,19.82646516290276,7.612181371687139,-4.00991819966555,3,0.6646445390484685,0.6604720424804763,0.9156732504654013,0.7469299439981154,0.8546410229851038
007343,2019,16.10356066275593,9.960965062139366,-5.1165324170368764,4,0.11012238584776646,1.7325799302536566,0.4451682973931028,0.7626235378315087,-0.16944575075327095
007343,2020,15.725624002628168,8.272038784968627,-6.832533978316904,4,0.05382917431379827,0.9616655242218635,-0.2844330590578687,0.2436872131592643,-0.456695196037446
007343,2021,19.299147728011132,7.9791297185633905,-6.811158117810553,2,0.5861012405553581,0.8279664859622482,-0.2753445726761275,0.37957438461382625,-0.05210799765528813
007985,2018,18.341831260678447,6.827610657536144,-3.7972651238108326,3,0.44351010271153934,0.30235287868673905,1.0060880706485131,0.5839836840155972,0.8795615502791085
007985,2019,15.267894977056,5.1663818925519625,-4.926740106302354,4,-0.014349014203453938,-0.45591893219778273,0.5258632865355253,0.018531780044762875,0.4871849681374185
007985,2020,8.740998553947222,6.935631938774284,-6.938634479248083,4,-0.9865223960663232,0.35165944877812005,-0.3295443638178554,-0.3214691037020195,-0.9928825669544071
007985,2021,8.67271082060495,4.9050018965395275,-5.536442700955665,4,-0.9966937719178012,-0.5752264514768782,0.26663284634938084,-0.4350957923484329,-0.3080081861312604
007985,2022,7.01957108890564,5.564299412283645,-7.416302341763853,3,-1.2429269491393435,-0.27428853629472766,-0.532636906556906,-0.683284130663659,-1.1052281556228467
008543,2018,6.4066546834405385,3.932030204939419,-8.604557811107128,3,-1.3342201114745946,-1.0193416883906912,-1.0378536976164945,-1.130471832493927,-1.2729985404704274
008543,2019,4.869956425951428,4.519699382875475,-12.090693745960554,4,-1.563109470986508,-0.7510986979324599,-2.520072341371256,-1.611426836763408,-2.508035711160847
008543,2020,10.861938985992655,4.971554524035798,-8.76878530658233,4,-0.6706108664684313,-0.5448483467664166,-1.1076791605816185,-0.7743794579388221,-1.0241008829497689
008543,2021,7.189623482449318,3.235562475546238,-7.7147285384510536,4,-1.2175978493944928,-1.337246035775759,-0.659520333015488,-1.0714547393952465,-0.8406158904559506
008543,2022,11.913098336062637,5.232385930139134,-9.744524425664304,3,-0.5140419439685746,-0.4257912326528071,-1.5225392637935595,-0.8207908134716471,-1.2357500364282141
008762,2018,24.921676959974263,5.717536992557009,-6.179522742773344,2,1.4235702156577594,-0.20434287923734296,-0.006788857571878148,0.40414615961617945,1.0131322855797522
008762,2022,14.014751795413838,5.040614483580779,-7.097819330418072,3,-0.20100318578523466,-0.5133257643939143,-0.397225819336716,-0.3705182565052883,-0.24118552446414862
009777,2018,18.913013398519475,6.715190126921206,-4.971646941304556,2,0.5285869960169934,0.25103826078051733,0.5067700126884511,0.4287984231619873,0.616552453886676
009777,2019,18.595819948269572,7.7165042289323695,-4.7459155637352195,4,0.4813414126272506,0.7080904581661338,0.6027454027954875,0.5973924245296239,0.5062970238511675
009777,2020,12.48264577367742,7.932707757977221,-6.625250788514527,4,-0.4292085372981548,0.806777071920998,-0.19630138140572986,0.06042238440570446,-0.6724418210445762
009777,2021,16.53331943912333,7.307296872095138,-5.6130974963049525,4,0.17413443934490846,0.5213067893321844,0.2340411261975685,0.3098274516248871,0.11084844506008008
009777,2022,13.087905429007193,7.96978970795576,-7.172322304661948,4,-0.3390558386979777,0.8237032159621072,-0.4289026384576829,0.018581579602148863,-0.7739096859727634
010115,2018,20.89142619183059,6.719381930232827,-4.626983909199618,4,0.8232692050350937,0.2529516193467622,0.6533121962250963,0.576511006868984,0.912001006235404
010115,2019,17.39095107168319,6.7799522460213595,-6.662667959186027,4,0.3018776407945753,0.28059908368576014,-0.21221023550730803,0.12342216299100917,-0.028518681764774942
010115,2020,10.717327322307323,7.404536333598484,-7.08708857818247,4,-0.6921506000612654,0.5656919722267751,-0.39266336929966944,-0.17304066571138654,-0.9052223450577042
010115,2021,17.57580529758403,6.962452762553072,-5.910728797744115,4,0.32941145568849467,0.36390187742180535,0.10749566950794912,0.26693633420608304,0.1790143286524662
010115,2022,11.992687646519451,7.954262057548831,-4.1432421675510325,3,-0.502187211781775,0.8166155830959884,0.8589872019141901,0.39113852440946784,-0.014119183385265091
010867,2018,17.191871726352417,4.327468336670891,-4.721897216676018,4,0.2722250114493282,-0.8388430150224447,0.6129574090019575,0.01544646847628032,0.8577658845062328
010867,2019,8.414435204658576,4.4675062296385315,-4.693927585854183,4,-1.0351636146624035,-0.7749223865507623,0.6248494031862875,-0.3950788660089594,-0.030102099369506488
010867,2020,14.094781147604976,5.427291085250834,-4.814460874378467,4,-0.18908290991070256,-0.33682631220809933,0.5736016346590753,0.015897470846757817,0.3649449928592618
010867,2021,11.60752555068827,3.742082937191319,-5.04755407727993,4,-0.5595566432842961,-1.1060435693861663,0.47449617878201233,-0.3970346779628167,0.2910632920534281
010867,2022,8.534409828756166,2.8638667467758236,-5.233984147633394,3,-1.0172935385212034,-1.5069074329858345,0.39523073096291156,-0.709656746848042,0.056663495673505634
011259,2021,11.279086033782363,5.574507528921812,-5.647277765121462,4,-0.6084773147932427,-0.2696290172374489,0.21950852258281298,-0.2195326031492929,-0.1754031025148525
011259,2022,19.162337768763287,3.3808041864148644,-3.3636182377926627,4,0.5657235614667799,-1.270950112277608,1.1904639846328748,0.16174581127401563,1.5784832046989918
012540,2018,25.07977620686959,5.930466095449981,-2.6520709412352113,4,1.4471189085679181,-0.10715088506776921,1.4929962692539265,0.9443214309180252,2.0079331168800127
012540,2019,27.859841907963975,4.155571508280312,-3.6368139943271856,4,1.8612063552240108,-0.9173057301502261,1.0743079163391174,0.6727361804709674,2.2573652419101955
012540,2020,23.533466910982874,6.7094638615059345,-5.362221605863317,4,1.2167979964318307,0.24842449334669586,0.34070734031833366,0.6019766100322868,0.9666434038648973
012540,2021,24.52024949627526,5.102915029118452,-3.92039020884822,4,1.3637780771499117,-0.48488853258111514,0.9537383344458201,0.6108759596715388,1.7074901072063997
012540,2022,25.363129946966875,6.849763232053979,-6.01427376808693,4,1.4893241077799908,0.3124644738802843,0.0634709130505944,0.6217531649036232,0.9425461252696766
012635,2018,16.06503588400912,6.105765974240215,-7.014210544848903,4,0.10438416633087631,-0.027134839511651496,-0.36167743480204173,-0.09480936932760564,-0.16500747761755624
012635,2019,17.885254117613787,6.291926811127931,-6.025325465432847,4,0.37550348571009473,0.05783871613465414,0.05877200510283471,0.16403806898252785,0.2729932219549203
012635,2020,26.21080626372735,5.237313285282646,-4.600767703173501,4,1.6155844769000474,-0.42354212970786875,0.6644586776207106,0.6188336749376298,1.6622501790084545
012635,2021,17.617746998844396,5.404134693313697,-4.337089869059806,4,0.3356586217092405,-0.34739610224414647,0.7765679610714221,0.25494349351217205,0.856403945491943
012635,2022,24.497647734730723,4.83150321566874,-5.211262479270388,3,1.360411571917959,-0.6087750987289898,0.40489142150803675,0.3855092982323353,1.3746324416513882
013421,2018,28.312467861169495,9.65194650138707,-1.0792151144303457,4,1.9286244472422578,1.5915276750810805,2.1617356052966277,1.8939625758733218,2.2483875293475073
013421,2019,26.16309520162781,10.411224173835604,-1.725152832509342,4,1.6084779715126853,1.93810176998439,1.8870988882171058,1.8112262099047272,1.7404735735405026
013421,2020,28.01833450703795,11.251884614384444,-2.417350824074501,4,1.8848136374686693,2.321823222459973,1.592793448773415,1.933143436234019,1.6072767030440955
013421,2021,27.627138101251294,12.63459993112157,-1.6794857077258638,2,1.8265454027469255,2.9529669091454185,1.9065154184458943,2.228675910112746,1.581651665139289
013421,2022,23.637185949937248,5.188378820583808,-3.3856252618904357,3,1.2322468226927832,-0.44587838221202386,1.181107143126736,0.6558251945358318,1.7601898201856168
013498,2018,16.05447906197957,7.197130557003673,-6.208123399034572,4,0.10281174037083582,0.4710211134495641,-0.01894914814178575,0.18496123522620475,-0.09145947812481012
013498,2019,9.638684332400576,8.372411607995744,-6.920749383755833,4,-0.8528131777004023,1.007480937417582,-0.32194006424969696,-0.05575743484417245,-1.1036724042033035
013498,2020,12.651459778439179,9.379284947542448,-6.193970375726587,2,-0.4040638940747705,1.467070661965059,-0.012931633218497671,0.350025044890597,-0.7390578983445312
013498,2021,21.211053464048124,9.54553736669158,-6.654973010414691,4,0.8708773032833147,1.542956973103757,-0.20893853390279454,0.7349652474947589,-0.04065579560438652
013498,2022,20.99869144959912,6.774097931622819,-5.89657391140897,2,0.8392462363285607,0.2779268679897415,0.11351397654423626,0.4102290269541795,0.5515509501421973
013721,2018,16.12625592852501,18.619664284708676,-6.068129284767665,4,0.11350281842164424,5.684863732337081,0.04057288142332587,1.9463131440606836,-1.6778394468007647
013721,2019,12.526195928562734,16.372824142720106,-5.5782886493790125,3,-0.4227217940421095,4.659288219111525,0.24884098565382437,1.4951358035744133,-1.5755510463592233
013721,2020,11.525153264987953,7.469309943888197,-7.557806963729978,4,-0.5718258962905987,0.5952580403127539,-0.592801166578648,-0.1897896741854976,-0.9685872096286865
013721,2021,15.664843897497967,6.60480697388864,-6.025335799331285,4,0.04477605066605638,0.20065360870525423,0.05876761138520211,0.1013990902521709,0.006682766509365834
013721,2022,12.648399432602524,3.790849522463507,-7.765694053058742,3,-0.4045197289109351,-1.0837839458445837,-0.6811896073500953,-0.723164427368538,-0.38991946093132995
014282,2018,18.234480008927182,4.251522191451518,-6.718697233163846,4,0.42752026271764365,-0.8735088131828449,-0.23603249489073572,-0.227340348451979,0.4012233902822687
014282,2019,13.11698153827145,4.721186476051882,-8.774810886736256,4,-0.3347249871504082,-0.6591294362430937,-1.110241088002261,-0.7013651704652544,-0.7650022638290771
014282,2020,6.957389096106078,4.335190820475761,-7.829566574732725,4,-1.2521888822714355,-0.8353180689688523,-0.7083466213673322,-0.9319511908692067,-1.0539176150316893
014282,2021,11.776526584896448,4.463514902928577,-7.036242760999734,4,-0.5343841422495347,-0.7767442370965645,-0.37104498734510377,-0.5607244555637343,-0.36436747839190864
014282,2022,12.162896984010672,3.651032874248234,-7.155638910618092,3,-0.4768347354244647,-1.1476035866241656,-0.42180927257780326,-0.6820825315421445,-0.24378458047441948
014934,2018,14.752342025684086,6.497935204227156,-8.5660990740253,4,-0.09114000700825334,0.15187173590014513,-1.021501995278087,-0.32025675546206506,-0.7961949362860556
014934,2019,20.962189060410644,6.098809829039115,-7.949351413870749,4,0.8338092493070116,-0.030309988491487413,-0.7592761677554908,0.014741031020011156,0.05702686342548545
014934,2020,11.838044044943578,5.85897261152017,-13.746037722190122,3,-0.5252211904726554,-0.139784255419033,-3.2238835952194984,-1.2962963470370623,-2.47799428403374
014934,2021,19.082456587415926,5.3318316454077905,-8.844998201602323,4,0.5538253554614401,-0.3803989999929127,-1.1400829956598129,-0.3222188800637618,-0.2771634970338601
014934,2022,17.680408246539887,8.05258004959386,-7.716516498400286,3,0.34499193928238153,0.8614930638150416,-0.6602805292960011,0.18206815793380737,-0.4832295057422098
015855,2018,8.420158857375615,2.8494547244757866,-3.741763724195933,2,-1.0343110834656724,-1.5134858347558406,1.029685890928905,-0.506037009097536,0.4743641975222597
015855,2019,9.448671342606962,3.730288671072722,-4.508303057213722,3,-0.8811153842792447,-1.1114270901367764,0.7037723546232483,-0.4295900399309243,0.23165323717830238
015855,2020,9.102712993417182,7.528135208349932,-6.943274006157441,4,-0.9326454648125786,0.6221089718336665,-0.3315169757330994,-0.2140178229040038,-1.0428545688466853
015855,2021,13.730778641477945,4.76866247468749,-3.545553420251565,3,-0.24330064594450415,-0.637458904033572,1.1131096518028076,0.07745003394157716,0.7859507176489731
015855,2022,18.747345836454034,5.255506356419989,-4.750883390883257,4,0.5039110116535976,-0.4152378592258948,0.6006332057511453,0.22976878605961604,0.8719572656721568
016101,2018,13.756299433492778,8.535018159433829,-9.422725900711804,4,-0.23949935463045244,1.0817030835900978,-1.3857185023170189,-0.1811715911191245,-1.432066524176093
016101,2019,13.678650557869728,7.17047961793676,-6.285483653977115,4,-0.2510650613796878,0.45885622908564944,-0.05184081223757494,0.05198345182279556,-0.3468555580568622
016101,2020,15.156874906598146,7.472168212010151,-9.809549555892607,4,-0.030885320336569926,0.5965627035779894,-1.5501863384166048,-0.3281696517250618,-1.2510076638398706
016101,2021,14.30617638381832,6.347879605877129,-8.196265582359018,4,-0.1575958434128187,0.08337850204061754,-0.8642579558382623,-0.3128250990701545,-0.7134165866860729
016101,2022,12.199039598414155,10.185268977208745,-12.65883518327356,3,-0.4714513364249654,1.834963984426813,-2.7616320069757387,-0.46603978632463033,-2.749569593722698
020548,2018,5.241146930447119,4.781296955999986,-8.615878672966279,4,-1.507821091230195,-0.631691865064376,-1.042667047647755,-1.0607266679807754,-1.513995676581055
020548,2019,3.6202681154713883,5.405232997836267,-10.729600685996063,4,-1.749249043658815,-0.34689477853919637,-1.9413692881727844,-1.345837703456932,-2.369865429174715
020548,2020,7.024592022142452,5.394517269392424,-8.700197346855484,4,-1.2421790871650586,-0.3517859982094364,-1.0785172591113288,-0.8908274481619413,-1.4478674624246
020548,2021,12.621447688883878,4.692734065275575,-9.322688304728487,2,-0.4085341587623556,-0.6721166066425818,-1.343184994555477,-0.807945253320138,-0.9671694836293349
020548,2022,7.765190339049298,7.373860319882097,-6.146824417851981,3,-1.1318678574969856,0.5516898329900009,0.007113660208178623,-0.19102145476626872,-0.9263277103489634
023809,2018,15.973614548317704,8.828160396883991,-5.532263130261224,3,0.09076706819846679,1.2155085533263454,0.26840989627570605,0.5248951726001727,-0.13937581646924604
023809,2019,18.4068777711371,8.339543768109461,-3.897032103701867,4,0.453198702307984,0.9924783339256593,0.9636696221459264,0.8031155527931899,0.6412704083892518
023809,2020,8.779313223144214,6.873352895259107,-7.035956149027163,4,-0.9808154721144864,0.3232320316145011,-0.37092312703408686,-0.34283552251135735,-1.0080037622570814
023809,2021,11.004109068692735,8.88676131547674,-9.056226007603126,4,-0.6494348034304295,1.24225708164312,-1.2298918264066747,-0.2123565160646614,-1.652110985483057
023809,2022,13.493161773045863,7.856868433787728,-8.226795208123402,4,-0.2786933930629354,0.7721600324731089,-0.8772383964580364,-0.12792391901595426,-1.019088613521414
024468,2018,22.75437751375482,8.016075316321476,-8.54415979724911,4,1.100753566586881,0.8448303917088488,-1.0121739582549034,0.3111366666802755,-0.2085625021027805
024468,2019,16.612195321113926,9.439091989850427,-10.03119062293775,4,0.1858829072186629,1.4943697283130644,-1.6444226298106241,0.011943335240367725,-1.4505207862056393
024468,2020,16.470650832773504,7.856234021560604,-8.927313856158822,4,0.16480002570904403,0.7718704535069554,-1.1750815729202975,-0.07947036456809935,-0.9223658586729405
024468,2021,9.01415961085782,9.54794090123521,-11.356699492108271,4,-0.9458353847710642,1.5440540721483542,-2.207996166546346,-0.536592493056352,-2.603578446798729
024468,2022,15.466181988700983,12.293686154824494,-8.965253969670934,3,0.015185597991076357,2.797356007169057,-1.191212769363786,0.5404429452654492,-1.668079763412846
025340,2018,19.187755654236103,2.8043331626456265,-5.3891075996643325,3,0.5695095249750136,-1.534081678699838,0.32927608175227435,-0.21176535732418333,1.0838145756845419
025340,2019,20.211255658875494,4.048095076825212,-5.0619324304782145,4,0.7219586211984541,-0.9663636022655341,0.46838285917105904,0.07465929270132636,1.101695435372379
025340,2020,15.767784106071918,4.754936155329097,-5.817469493358335,4,0.060108871077406034,-0.6437243150690998,0.14714721558858573,-0.14548940946770267,0.3410023371543615
025340,2021,15.068000031735307,3.911844551397089,-5.576372617961477,4,-0.04412312618746955,-1.0285554778386339,0.24965563475017716,-0.2743409897586421,0.4607474407629334
025340,2022,8.54768023254627,4.915894330241355,-7.597985270002448,4,-1.015316927817587,-0.5702545742724144,-0.6098839871411367,-0.7318184964103794,-0.9120091122749472
025434,2018,16.13346888297174,6.404309741835256,-3.8691827638198366,4,0.11457717932200653,0.10913617147384358,0.9755104716024018,0.3997412741327506,0.6991607050451772
025434,2019,28.253174288748248,3.704657133862691,-2.36741421558967,4,1.9197927408558342,-1.1231266661046833,1.614025257711815,0.8035637774876553,2.7243750306885834
025434,2020,18.242467890110817,5.113974783948494,-4.5351500361696475,4,0.4287100480245957,-0.47984028125072425,0.6923576842028772,0.21374248365891624,0.9035580213492654
025434,2021,22.573982252209074,5.695774753585081,-3.8112332896205694,4,1.0738839090773729,-0.21427630484492502,1.0001491525543396,0.6199189189289291,1.4597342877882746
026590,2018,22.672557751134065,4.861670065635805,-9.127950735549044,4,1.088566611229567,-0.595005368493536,-1.260387404022224,-0.255608720428731,0.06733586411410673
026590,2019,14.16719028904117,3.769911113561821,-8.93767539327986,4,-0.17829765527442912,-1.093341332262145,-1.1794870418365309,-0.817042009791035,-0.5707691524483509
026590,2020,15.381070794462971,4.243715376541156,-9.589707431514226,4,0.002508387848166677,-0.8770722523696066,-1.456714912882537,-0.7770929258013256,-0.7040022386650117
026590,2021,24.674725885954338,2.5100307957020735,-7.044896289169467,4,1.386787149829626,-1.6684166922956407,-0.3747242531646605,-0.2187845985435584,1.1995649231234162
026590,2022,21.01041536218538,3.2450345745546145,-7.290586412866102,3,0.8409924990250689,-1.3329224737117302,-0.47918560772307894,-0.3237051941365801,0.6584983636145858
027786,2018,37.7204560729744,8.072108614002055,-7.5192926939754035,4,3.329932990153074,0.8704069233688264,-0.5764258531233996,1.207971353466167,1.570087613350406
027786,2019,33.32388923949637,7.488691256825358,-9.032844509278952,4,2.675069641631812,0.6041046865832453,-1.219950592506836,0.6864079119027404,0.7816756862064785
027786,2021,14.89629648946666,7.592609494999543,-3.4273010574628713,2,-0.06969816255148119,0.6515384129340042,1.163387627208498,0.5817426258636736,0.5322218438870892
027786,2022,13.302715937103377,8.107896432329655,-8.918764267192108,3,-0.3070600715557008,0.8867423579476601,-1.1714464994751663,-0.19725473769440235,-1.2720190024728586
028180,2019,11.445185691053178,5.876789165183674,-5.347166731390559,3,-0.5837369703680559,-0.13165184723124482,0.347108300016954,-0.12276017252744892,-0.11617516014113825
028180,2020,7.096191523715487,4.2946553951087525,-9.20038435675711,4,-1.231514427413832,-0.8538205600440707,-1.2911843854927072,-1.1255064576502034,-1.426567411899951
028180,2021,16.8529062047907,4.494326074183327,-8.909588585522515,4,0.2217365041911405,-0.762680404880756,-1.167545226921834,-0.5694963758704832,-0.3983437620568493
028180,2022,13.92884622376077,5.42534171375365,-8.234759826513992,3,-0.21379871748988027,-0.33771610745268765,-0.8806247549046183,-0.477379859949062,-0.6301464559980776
028930,2018,9.015536244284837,5.692383339166366,-10.696684375533437,4,-0.9456303368757752,-0.21582432400215615,-1.927374088340344,-1.0296095830727585,-1.8631531053661463
028930,2019,5.60990599046798,6.24229367006694,-12.240581731760624,4,-1.4528948722076631,0.0351835511474507,-2.583801000029271,-1.3338374403631612,-2.723453994488653
028930,2020,1.0662236877662201,7.786483271615605,-12.470739414342205,3,-2.129670893149036,0.7400325582175301,-2.6816583453826595,-1.357098893438055,-3.463548973671358
028930,2022,9.902374057493455,3.6922601305540454,-7.6364912836547445,3,-0.8135369099020643,-1.1287853076756276,-0.6262557903062098,-0.8561926692946339,-0.6128530899222642
029736,2018,15.277232334671293,5.697092769301306,-8.475712627471726,4,-0.012958226003049465,-0.21367469344438692,-0.98307191718359,-0.40323494554367545,-0.6034196036404409
029736,2019,23.270254442626506,3.6063194604732107,-8.20772651773986,4,1.1775928154510968,-1.1680131304201031,-0.869130861661158,-0.28651705887672146,0.5698589415532302
029736,2020,15.049532453544238,4.461696258639448,-4.490589165152073,4,-0.04687384977506367,-0.7775743615968982,0.7113038627336283,-0.03771478287944452,0.6909938851463528
029736,2021,18.27107067351635,2.9467167137934176,-4.229568596325433,4,0.4329703982540854,-1.4690903689869745,0.8222833428079146,-0.07127887597499154,1.303815267850836
029736,2022,19.388333443218446,5.308026626412905,-4.86296118677834,3,0.5993853457021739,-0.3912648573882754,0.5529805032372324,0.2537003305170436,0.8963319600320929
029751,2018,8.785900225741555,6.1276242234829645,-8.406404754183734,4,-0.9798343459901736,-0.017157589788177656,-0.9536039263002187,-0.6501986206928566,-1.2928869156270384
029751,2019,7.357110133870694,8.877351222671889,-6.736392342718224,4,-1.1926509138566903,1.2379618224577944,-0.24355601714428907,-0.06608170284772832,-1.3507918055113017
029751,2020,4.480053616737846,6.904056090624127,-7.572648089237994,4,-1.6211850260526106,0.3372465779792795,-0.599111245512277,-0.6276832311952028,-1.594979766031214
029751,2021,8.170378969501987,5.815521526372607,-6.3282938764757635,4,-1.0715154977192347,-0.15961760631821142,-0.0700426583837304,-0.43372525414039215,-0.7149615811643855
029751,2022,11.24303065718461,6.576134764778522,-7.247984270489243,3,-0.6138477198263721,0.18756611083484756,-0.46107223209031534,-0.29578461369394665,-0.7803357857602103
030923,2018,20.09709060043896,9.041273803870986,-5.940975675559887,4,0.7049538728837944,1.3127846735368798,0.09463544631192086,0.7041246642441984,0.1246366792983853
030923,2019,16.363324867526934,9.84966159197834,-6.461935776039569,4,0.1488139521096475,1.681775197241743,-0.12686388360901768,0.5679084219141243,-0.5126315403311141
030923,2020,15.045621650523923,9.41418988056482,-7.231056575815242,4,-0.04745635918713242,1.4830031014517595,-0.4538749956341164,0.32722391554350355,-0.8019424166964815
030923,2021,15.525792938958137,8.101354926975757,-7.9452510288178075,4,0.02406457742491176,0.8837564723097733,-0.7575327856024081,0.0500960880440923,-0.7706591404993436
030923,2022,16.48388490803519,7.583280159144628,-5.244779996292987,3,0.16677122532199157,0.647280015450065,0.39064060353889973,0.4015639481036521,0.17184984281058258
031673,2018,21.80314692733332,7.308604919410202,-5.8042478972243865,4,0.9590689133941885,0.5219038506323633,0.15276871075003523,0.5445804915921957,0.5818010171376469
031673,2019,24.33213720312237,5.267596362067319,-4.673835503837372,4,1.3357589770525158,-0.4097193474657806,0.6333920587550008,0.5198105627805787,1.4495484076487535
031673,2020,14.563637208885119,6.756597870943141,-5.525845999982069,4,-0.11924736279097095,0.2699389237752702,0.2711383011104324,0.1406099540315772,0.01803456925651549
031673,2021,34.597387681741644,4.989968823666956,-2.898004983950723,4,2.864755704828904,-0.5364430960135973,1.388431206370847,1.2389146050620512,3.0217604546516847
031673,2022,32.37612941717344,4.920145588209546,-2.749290604694734,4,2.533901954582386,-0.5683140774871279,1.4516608765979524,1.1390829178977369,2.852659763046976
031846,2018,19.598109266540277,4.494976080446639,-6.274923038769282,2,0.630631202595168,-0.7623837079797892,-0.04735070025023836,-0.05970106854495316,0.6294716762691063
031846,2019,28.085780285483022,4.620811239587646,-4.611658047357289,4,1.894859605149598,-0.7049459510579108,0.6598283730405781,0.6165806757107551,1.9343950156424787
031846,2020,14.768279442391778,5.8893005125822455,-7.043218791566965,4,-0.08876614793428102,-0.1259410130291834,-0.37401102273769327,-0.19623939456705256,-0.2717460402537225
031846,2021,19.697473197143736,5.411988747580731,-6.896629548896771,4,0.6454313406987757,-0.3438111005409611,-0.3116849079447,-0.0033548892622951207,0.33032064783345294
031846,2022,15.717233866091881,7.12030554658982,-7.295797038549712,4,0.0525794735552733,0.435954155186119,-0.48140103669033707,0.0023775306836850882,-0.4253915630305931
061483,2018,8.903774654838047,7.2208111626303575,-9.571597027253253,3,-0.9622770913715519,0.48183018206785233,-1.4490148176070845,-0.6431539089702614,-1.7709200461411738
061483,2019,5.276580413004915,9.403704501848317,-10.414324684907887,4,-1.5025433165672744,1.4782170254610465,-1.8073217422726593,-0.610549344459629,-2.686213124562987
061483,2020,4.105065345873372,4.85259654122314,-9.490981027964393,4,-1.6770390785475309,-0.5991470002377721,-1.414738891663912,-1.2303083234830716,-1.887989635626721
061483,2021,5.110692059698454,5.176629006401928,-13.625241453669343,4,-1.5272521875207972,-0.4512416127706614,-3.1725240141121045,-1.7170059381345208,-3.0171187385038785
061483,2022,1.8920600358002904,6.527334836004438,-12.938240364709124,3,-2.0066635611357664,0.16529126757271995,-2.8804281689225584,-1.5739334874952018,-3.3348538771248766
063080,2018,17.169813269736593,3.7350475659197553,-3.6386650454166682,4,0.2689394308338683,-1.109254881293822,1.0735208952686126,0.07773514826955293,1.2502871602457124
063080,2019,17.061273223443504,3.291637602555153,-6.564286580077199,4,0.25277252132099354,-1.3116504110196259,-0.17038091013433113,-0.40975293327765455,0.46562427075108814
063080,2020,10.390558775856206,4.580955921437635,-8.412882322440394,4,-0.740822382528205,-0.7231380055804411,-0.9563580278658592,-0.8067728053248352,-0.9134236301415702
063080,2021,13.19310277418035,2.7036682420617715,-5.619734775314863,4,-0.3233868205015358,-1.5800304205183033,0.23121911957587163,-0.5573993738146558,0.4340426511096066
063080,2022,18.147777886277023,4.345530599793436,-3.304364970111704,3,0.41460608569882906,-0.8305984521691547,1.2156570062767085,0.26655487993546095,1.3562323448735023
064166,2018,19.79945266971547,6.541009762632013,-7.158241822089169,4,0.6606210606366683,0.17153322027434162,-0.42291596605808357,0.1364127716176421,0.10416089120193865
064166,2019,18.445687407505968,7.920998818787631,-6.539350290757553,4,0.4589793510254979,0.801432498849563,-0.1597786176172449,0.3668777440859387,-0.051170440602977096
064166,2020,8.443865299166795,8.176521963001164,-10.201108430797625,4,-1.0307800374379663,0.9180666442302253,-1.7166674726458864,-0.6097936219512091,-2.1336454390148827
064166,2021,13.798380799218629,5.016142038488562,-9.165149213007117,4,-0.23323138575534302,-0.5244962700148086,-1.2762032751867445,-0.6779769769856321,-0.8508991842218859
064166,2022,15.176376567496163,7.051097741975743,-7.2347820042617075,3,-0.027980571371955892,0.4043640885810791,-0.45545895552624754,-0.026358479439041443,-0.4520013197438554
065772,2018,17.94725602360147,8.174434880793907,-6.645347106162693,4,0.38473859512788416,0.9171139906053183,-0.20484583785997368,0.36566891595774287,-0.16748506193891705
065772,2019,16.856652842132753,7.70995923004598,-6.096689651375089,4,0.2222945613226345,0.705102977897053,0.02842972101619347,0.31860908674529365,-0.05286853731821299
065772,2020,11.929874030952407,9.693312797000063,-5.7886758682991095,4,-0.5115432243663538,1.6104094188512397,0.15938955171133423,0.41941858206540666,-0.7399851921124057
065772,2021,28.50280882013021,8.431659002932667,-5.7093017468642,4,1.9569755044345705,1.034524551395359,0.1931374619538028,1.061545839261244,1.1168744243495805
065772,2022,27.265061542568915,6.6674813015037735,-5.574944551409175,3,1.7726145342714827,0.22926145423407257,0.2502628132733043,0.7507129339262866,1.2841231692529735
111864,2018,11.663266284471584,4.929819220730947,-4.385620599603595,4,-0.5512541279451864,-0.56389852497296,0.75593389660828,-0.11973958543662211,0.3161904680472385
111864,2019,16.3556378810319,9.0862566129831,-3.947978254391024,4,0.14766898470511614,1.3333171834735469,0.9420085808698114,0.8076649163494914,0.3152186767116353
111864,2020,12.701000367702527,9.41938360675229,-5.224273683516824,4,-0.39668488281405734,1.4853737900916522,0.3993593797654997,0.4960160956810315,-0.46234392037958016
111864,2021,10.454842330991148,5.3410969903700325,-5.017249708097067,4,-0.7312474242107359,-0.37616981130374627,0.4873808458831979,-0.2066787965437614,-0.043967834217324156
111864,2022,9.402520063810384,5.569535720749813,-6.826600426454554,3,-0.8879895618173028,-0.27189841087270056,-0.28191025978715417,-0.48059941082571916,-0.6994382716450824
114524,2018,14.27924293069041,8.476149837438834,-4.991999538876924,4,-0.16160754890272042,1.0548324983559787,0.49811659235879585,0.46378051393735137,-0.10349195108002975
114524,2019,17.923735430004317,7.75612115868015,-4.5240850792834335,2,0.3812352309654307,0.726173699736912,0.6970622297787166,0.6014903868270197,0.4970510223806769
114524,2020,18.921366762456312,6.488976394839696,-2.7362821891569573,3,0.5298312195410031,0.14778246610131449,1.4571917326506474,0.7116018060976549,1.2894492963117603
114524,2021,20.71311340017787,3.7858451568353155,-2.8896545092529373,4,0.7967097289146093,-1.0860682004079538,1.391981621361128,0.3675410499559278,1.8109356626342352
114524,2022,21.75376294695802,3.630022288212665,-2.7583726484878412,3,0.9517132288392255,-1.1571939184657214,1.4477994165501797,0.41410624230789467,1.9746305492686145
125595,2018,17.914159530639033,3.7936863728784354,-5.617546453740159,4,0.37980891225791047,-1.0824890587425313,0.23214953970210042,-0.1568435355941735,0.7498630933554025
125595,2019,15.577251340280064,4.355923698612532,-3.853964142891812,4,0.03172924448800065,-0.8258544975565385,0.9819810522376066,0.0626185997230229,0.9409665348470708
125595,2020,11.595178651142893,4.444259869243884,-5.413188734956913,4,-0.5613956991400092,-0.7855332429026818,0.31903737954431116,-0.34263052083279333,0.08477230730142603
125595,2021,7.263074396847049,4.677885744813057,-4.475355197482516,4,-1.2066574239270158,-0.6788941577439281,0.7177809684231757,-0.3892568710825894,-0.1125262143984569
125595,2022,10.829222109376346,4.5944249036187825,-5.855678410926031,3,-0.6754840059396592,-0.7169900567099751,0.13090173031925995,-0.42052411077679147,-0.13976422804752942
138205,2018,12.894917300517259,6.314697998496733,-5.290510305618357,4,-0.367801188611786,0.06823267863162341,0.37119720880805573,0.023876232942631043,-0.017929839991321708
138205,2019,10.213470864410883,6.016122616369728,-5.628433457521419,4,-0.7671994142131711,-0.06805276288198904,0.22752065537837693,-0.20257717390559438,-0.33949928162281806
138205,2020,5.973967099455168,4.824803099308339,-4.908272710934096,4,-1.3986684073482372,-0.611833382737085,0.5337151655867,-0.4922622081662074,-0.38606083061063073
138205,2021,12.898386751231872,5.463484227946879,-6.15933285624792,4,-0.3672844180954821,-0.32030586635969543,0.001795382051163023,-0.22859830080133817,-0.14448391833775873
138205,2022,11.19461850274206,5.7280485176586025,-4.441447281854231,3,-0.6210586520760468,-0.1995448686671255,0.7321977742088116,-0.029468582178120244,0.13929116772108902
140541,2018,23.57736146116638,3.606052253387626,-3.3273509023542474,3,1.2233360369538409,-1.1681350977282419,1.2058839572761353,0.42036163216724476,1.997195171401372
140541,2019,25.865519944746826,4.540608949703872,-3.843328555039515,4,1.5641544944591137,-0.7415544765476763,0.9865030407362075,0.6030343528825483,1.944198183806244
140541,2020,16.031128728153863,6.890310840352214,-6.407981373508139,3,0.0993337361968164,0.33097252588336395,-0.10392380816755394,0.10879415130420882,-0.10710418343554785
140541,2021,28.736009766048348,3.0514920796750893,-3.389630246209201,4,1.991710505199126,-1.4212654046606794,1.179404323002635,0.5832831411803605,2.5734319377835297
140541,2022,28.00232326275545,1.6889822962473398,-2.965647777215464,4,1.8824287818661138,-2.043186227731351,1.359671166267344,0.39963790680070227,2.8164169977838767
141384,2018,13.03053070016307,3.9648578285304974,-4.391453487329079,4,-0.34760173563857744,-1.004357441722124,0.7534538972349898,-0.19950176004190387,0.5889567886929404
141384,2019,13.396228477753686,3.6715296974003806,-4.552932121246874,4,-0.2931314909567001,-1.138247763069602,0.6847971821114961,-0.24886069063826863,0.6211865130424652
141384,2020,10.98994085576448,3.0482855774275954,-4.233423393872368,4,-0.6515451417266903,-1.4227290202186702,0.8206443783788907,-0.4178765945221567,0.5616484711181349
141384,2021,17.33215545913141,2.6184881006380465,-3.2263424818379343,4,0.2931201049325403,-1.6189110981529593,1.2488302355806258,-0.02565358587993109,1.5441695904042798
141384,2022,9.187613961061658,2.8524573368876935,-4.665751113634761,3,-0.9199995676682439,-1.512115285197013,0.6368293412091637,-0.5984285038853644,0.2860898293057087
143357,2018,19.501665647612942,5.087639064049263,-6.071701806086335,3,0.6162660414077283,-0.491861283077723,0.03905393385424161,0.05448623072808232,0.5932452273937787
143357,2019,12.97831996882399,4.532033076309202,-5.129778209384975,3,-0.3553784613539933,-0.7454689543041186,0.4395365146007656,-0.22043696701911542,0.291339933045829
143357,2020,12.379846707353607,4.103014245434702,-4.447059975082892,4,-0.44452033474089186,-0.9412956174632201,0.7298113960810902,-0.2186681853743406,0.48835726173019284
143357,2021,17.216130924441117,4.858268019696962,-4.622349133418463,4,0.27583838986355763,-0.596558240433352,0.6552827880783196,0.11152097916950841,0.8127621213920524
143357,2022,15.134361181321475,5.698127043809938,-4.557498584420612,4,-0.03423871267217674,-0.2132025963912036,0.6828556350867617,0.14513810867446045,0.5034810256110911
146017,2018,14.575249225541024,8.75034423932087,-10.528620353012276,4,-0.11751776685887529,1.179989183595215,-1.855917429110629,-0.26448200412476314,-1.6976259325649006
146017,2019,10.8405885180611,6.676436934262213,-11.616077988842177,4,-0.6737909930198326,0.23334927405305064,-2.318277478242886,-0.919573065736556,-2.084887943968002
146017,2020,14.741051098977342,4.771101872589591,-8.885988578469762,3,-0.09282177697812714,-0.6363454350739183,-1.157511088523325,-0.6288927668584569,-0.6419019415217001
146017,2021,19.429961179577266,7.541539770998753,-4.401170791622171,3,0.6055857470279811,0.628227516255773,0.7493223401587839,0.6610452011475126,0.7132115972826947
146017,2022,12.644549906690546,4.97558348974392,-4.562074761282785,4,-0.40509311117132546,-0.5430093158106056,0.6809099580423245,-0.08906415631320223,0.3570642869644355
148349,2018,6.929139541800787,6.1283038532977665,-13.352678395314033,4,-1.2563966194507565,-0.0168473711468541,-3.05663695341146,-1.4432936480030236,-2.893770751392181
148349,2019,9.26599171464024,6.650735708688824,-11.628290170267254,4,-0.9083252954230882,0.22161788866636017,-2.3234697952745296,-1.0033924006770858,-2.241826115658485
148349,2020,-0.6917554542913698,9.276692738583668,-13.538839212531888,4,-2.3915197746063095,1.4202422047955503,-3.135787921467021,-1.3690218304259265,-4.1577565072997
148349,2021,5.727322701105348,9.908729838848725,-12.694860486573255,4,-1.435405794203699,1.7087370386595369,-2.7769490735490403,-0.8345392763644007,-3.36610119410389
148349,2022,6.245234800601187,8.53156760964499,-13.34101306943965,4,-1.3582634091197405,1.0801280719528803,-3.0516771458137075,-1.109937494326856,-3.302380118223822
149318,2018,10.00049300885495,11.907651603304776,-6.52956101418099,4,-0.7989222099610305,2.621149620297567,-0.1556164597089465,0.55553698354253,-1.4612164493146937
149318,2019,6.729752790282522,11.318449764214089,-6.637595245237083,4,-1.2860950365783623,2.352207043019211,-0.20154993861724496,0.28818735594120115,-1.7342344935562668
149318,2020,4.211252217257719,9.564371926035143,-9.11367244533645,4,-1.6612226716105891,1.55155405239933,-1.2543166287141068,-0.45466174930845527,-2.4432760457378575
149318,2021,19.450802762386033,8.25777908147298,-6.335017278634484,3,0.6086900757516356,0.9551566487314831,-0.07290128243492812,0.4969818140160635,0.05943417323653982
149318,2022,12.377988615542458,5.199743998204559,-6.330507495679446,3,-0.4447970952841512,-0.4406907199242276,-0.07098383443514834,-0.318823883214509,-0.20767839577288524
157855,2019,17.59189850237841,3.719911412920726,-3.51188879142331,4,0.3318085192108406,-1.1161638142393147,1.1274230180675748,0.11435590767970027,1.330849588298582
157855,2020,21.76275162271544,4.478255059977562,-2.189511441747931,4,0.9530520812957503,-0.7700160574419324,1.689665110285435,0.6242337113797509,2.0170118839714983
157855,2021,15.971861140498104,3.795608526403181,-4.5839477183838575,4,0.09050590020999842,-1.0816116872060344,0.6716101185021831,-0.10649855616461763,0.8515712992698498
157855,2022,17.197054653221304,1.9690501433510186,-3.30413532267812,3,0.2729970021805177,-1.9153485944865054,1.2157546466768276,-0.1421989818763867,1.6013062087671712
164296,2018,20.27303640526501,3.792780834660708,-4.933675713851023,4,0.7311607891597622,-1.0829023938103164,0.5229144380091022,0.057057611119516016,1.1810783579538167
164296,2019,18.307994991251498,4.0129916693941485,-5.969272286640893,4,0.43847023102582433,-0.9823866358669437,0.08260442822108195,-0.15377065887334582,0.6571412362289074
164296,2020,19.474502753516884,5.857407334265583,-6.25209382573758,4,0.6122201609612343,-0.14049872993536114,-0.03764428437599307,0.1446923822166267,0.4288214821604879
164296,2021,21.592527342783058,5.8705987726633975,-6.042906498959126,4,0.9276973792797781,-0.1344774665832436,0.05129698515062991,0.2815056326157214,0.6981438158210183
164296,2022,20.421960579096282,7.791592965796185,-5.99441928128487,3,0.753342865958481,0.74236489024852,0.07191254901951258,0.5225401017421711,0.32048340911700285
165993,2018,25.70728060929999,4.656727730314216,-4.226597127904515,4,1.5405849355274872,-0.6885517836573044,0.823546737573672,0.5585266298146183,1.8021187935197287
165993,2019,24.192755782385667,5.203321019695639,-2.0273925094193768,4,1.3149982818641106,-0.4390579799784803,1.7585940644322282,0.8781781221059529,2.202185300331598
165993,2020,21.063594963934488,5.881402414493342,-2.4926699087044764,4,0.8489135368242141,-0.12954611863935095,1.5607696397323065,0.7600456859723899,1.659817800767891
165993,2021,22.053052371114024,5.944465896910513,-2.2954211250468846,4,0.9962920290492874,-0.10076064247790993,1.6446349364558905,0.8467221076757561,1.8059785447179126
165993,2022,17.669477751208042,8.263395684904706,-4.269224542323316,3,0.3433638551328349,0.9577203606927526,0.8054226168946934,0.7021689442400936,0.4720672364074485
170841,2018,12.723364922967274,5.139759098610941,-6.467143203476358,4,-0.39335370917253776,-0.4680709696522123,-0.12907795276095183,-0.3301675438619006,-0.20373875483721166
170841,2019,10.736452300931186,7.826981057555798,-7.061819041633404,4,-0.6893019574689014,0.7585178686870827,-0.381919388315565,-0.10423449236579457,-0.956498774270212
170841,2020,5.047018941314591,5.099276591372222,-8.299342268855918,4,-1.5367362220174732,-0.48654930612222985,-0.9080836096042831,-0.977123045914662,-1.4882570551258287
170841,2021,11.754050021872052,6.388551101953368,-5.775900611186775,3,-0.537731999312306,0.1019431029138792,0.16482127457714355,-0.0903225406070944,-0.28123970183595054
170841,2022,12.375163354178136,7.159157896691781,-6.124320974802644,3,-0.4452179145705542,0.45368840256367027,0.016681566755633273,0.008384018249583111,-0.42918193893586315
178704,2019,28.323552846806372,3.898449246123477,-3.535680472501041,4,1.9302755425371592,-1.034669796709864,1.1173073846216395,0.6709710434829782,2.369350751121029
178704,2020,28.250639740213128,4.897625481144605,-3.9546921751257393,4,1.9194152228961252,-0.5785934337837357,0.9391539880852344,0.7599919257325413,2.0992652817643416
178704,2021,20.393912264995524,8.286902943809574,-5.469131251426264,2,0.7491651032658875,0.9684503047886189,0.2952520073043971,0.6709558051196346,0.3971730073573576
178704,2022,30.949669276592253,3.8416662940443214,-3.247819870824102,4,2.32143243016164,-1.060588509898556,1.2396985818042479,0.8335141673557773,2.721894321018816
179621,2020,-1.2765506647597853,11.282377244557445,-14.080901177675372,2,-2.478624318727066,2.3357416558433086,-3.366259241524653,-1.1697139681361368,-4.658080461805129
179621,2022,9.47432521395655,8.805903006363835,-7.067149440421329,2,-0.8772942709581412,1.2053491146198747,-0.3841857418398554,-0.01871029939270728,-1.2239653739275633
180405,2019,24.323795715656114,5.972082180771597,-3.019768883630714,3,1.3345165225145323,-0.08815512419250714,1.3366602124639342,0.8610072035953197,1.8213199790293393
180405,2020,16.642725569383902,5.249364249889759,-4.0882719656569995,3,0.19043035102436656,-0.418041438323183,0.8823591700820707,0.21824936092775138,0.8524534956890956
180405,2021,21.884241068137968,13.195800724620874,-3.954281567115057,2,0.9711477882536379,3.2091283427337656,0.9393285684401264,1.7065348998091767,0.27734834659308993
199356,2018,18.194887104786485,6.068382816664748,-4.306857721545762,4,0.4216229472064071,-0.04419847047496463,0.7894219213080429,0.3889487993464951,0.8276467273634123
199356,2019,16.426390931992252,4.355619436339457,-5.550487069622457,4,0.15820756665437272,-0.825993378792917,0.2606615286880232,-0.135708094483507,0.5402335795663453
199356,2020,10.86690345064508,6.845414717573728,-6.497273304702847,4,-0.6698714154219587,0.3104795841293363,-0.1418885254439124,-0.16709345224551161,-0.6415418783360594
199356,2021,15.834692473933535,5.969763459300958,-6.030364465393946,4,0.07007479209748724,-0.08921351010872704,0.056629547141414445,0.012496943043391549,0.11301318020109523
199356,2022,20.771206085762124,7.000443857666221,-4.099742312526156,2,0.8053625646492141,0.3812430029164678,0.8774822627274775,0.6880292767643864,1.0106933372275757
