permno,start,ending,gvkey
10104,1989-08-03,2024-12-31,012142
10107,1994-06-07,2024-12-31,012141
10138,1999-10-13,2024-12-31,012138
10145,1925-12-31,2024-12-31,001300
10516,1981-07-30,2024-12-31,001722
10696,2001-04-02,2024-12-31,012635
10909,2010-04-30,2022-06-07,012850
11308,1957-03-01,2024-12-31,003144
11403,2017-09-18,2024-12-31,013421
11404,1925-12-31,2024-12-31,003413
11552,2006-11-06,2019-11-20,013599
11600,2008-11-14,2024-04-02,013700
11618,2008-09-15,2024-12-31,014225
11674,1925-12-31,2024-12-31,003897
11850,1925-12-31,2024-12-31,004503
11891,2017-07-26,2024-12-31,014418
11955,1998-07-17,2024-12-31,014477
12052,1957-03-01,2024-12-31,005046
12060,1957-03-01,2024-12-31,005047
12062,2004-11-01,2024-12-31,014960
12073,2008-11-13,2022-04-01,016245
12076,2015-07-29,2018-03-16,015520
12308,2016-09-08,2024-12-31,126136
12345,2012-09-05,2024-12-31,294524
12369,2013-06-07,2024-12-31,005073
12431,2010-11-17,2024-12-31,005959
12490,1957-03-01,2024-12-31,006066
12542,2013-07-09,2022-10-11,100873
12558,2012-05-25,2024-12-31,006310
12622,2015-01-27,2024-12-31,022260
12650,2013-05-24,2021-12-13,006335
12872,2011-07-01,2024-12-31,186989
12981,2016-06-24,2022-12-16,188255
13035,2011-11-01,2024-12-31,189491
13103,2012-12-24,2024-12-31,118122
13142,2013-11-13,2020-05-11,198058
13168,2011-12-21,2019-12-20,199356
13356,2012-05-01,2024-12-31,170841
13407,2013-12-23,2024-12-31,170617
13586,2012-10-01,2024-12-31,008463
13688,1925-12-31,2019-01-17,008264
13721,2013-01-02,2024-12-31,016101
13760,2017-10-13,2024-12-31,104432
13788,2013-06-24,2024-12-31,013721
13856,1957-03-01,2024-12-31,008479
13901,1957-03-01,2024-12-31,008543
13911,2017-08-29,2024-12-31,017928
13928,1957-03-01,2024-12-31,008549
13936,2013-02-14,2022-09-16,008551
13963,2013-07-01,2024-12-31,018043
13983,2016-10-03,2020-09-18,012151
14008,1992-01-02,2024-12-31,001602
14277,1965-03-04,2024-12-31,009465
14297,2013-12-02,2024-12-31,316056
14338,2017-06-19,2024-12-31,005643
14541,1925-12-31,2024-12-31,002991
14593,1982-11-18,2024-12-31,001690
14601,2014-05-01,2018-06-04,010121
14702,1995-03-16,2024-12-31,001704
14704,2017-06-02,2022-03-01,162906
14776,2015-11-18,2024-12-31,020686
14889,2016-02-01,2024-12-31,021825
15069,1925-12-31,2024-11-25,007017
15202,1999-07-01,2024-12-31,011228
15408,2015-07-06,2024-12-31,005568
15456,2016-04-04,2019-08-08,011584
15488,2015-07-20,2024-12-31,024616
15579,1959-03-25,2024-12-31,010499
15707,2015-11-02,2024-12-31,026156
15720,1925-12-31,2024-12-31,009846
15797,2015-11-30,2018-04-03,026304
16087,2016-07-05,2024-12-31,026590
16432,1925-12-31,2019-02-26,005234
16538,2017-01-17,2021-02-11,030923
16600,1957-03-01,2024-12-31,005597
16678,1957-03-01,2024-12-31,006502
16816,2017-08-07,2019-04-02,031774
16851,2017-09-01,2024-12-31,004060
17005,1957-03-01,2024-12-31,007241
17144,1969-02-13,2024-12-31,005071
17478,1957-03-01,2024-12-31,007163
17750,1957-03-01,2024-12-31,006435
17830,1957-03-01,2024-12-31,010983
18163,1957-03-01,2024-12-31,008762
18411,1944-06-07,2024-12-31,009850
18542,1957-03-01,2024-12-31,002817
18729,1957-03-01,2024-12-31,003170
19166,2009-08-19,2024-12-31,004510
19350,1957-03-01,2024-12-31,003835
19393,1957-03-01,2024-12-31,002403
19502,1979-10-11,2024-12-31,011264
19561,1957-03-01,2024-12-31,002285
19583,2008-08-21,2024-12-31,029804
20415,2007-08-27,2019-09-25,006682
20482,1957-03-01,2024-12-31,001078
21020,2015-03-23,2024-09-20,001045
21178,1984-07-19,2024-12-31,006774
21186,1957-03-01,2024-07-05,029830
21207,1969-05-15,2024-12-31,007881
21371,1997-05-27,2024-12-31,002751
21573,1925-12-31,2024-12-31,006104
21776,1944-06-07,2024-12-31,008539
21792,1985-07-25,2024-12-31,005742
21936,1957-03-01,2024-12-31,008530
22103,1965-01-07,2024-12-31,004321
22111,1973-05-31,2024-12-31,006266
22293,1957-03-01,2024-12-31,003532
22509,1957-03-01,2024-12-31,008247
22517,1995-11-27,2024-12-31,008455
22592,1957-03-01,2024-12-31,007435
22752,1957-03-01,2024-12-31,007257
22779,1957-03-01,2024-12-31,007585
23026,1957-07-10,2024-12-31,008099
23085,2009-01-02,2018-12-31,009445
23229,1999-05-03,2024-12-31,003439
23393,2015-12-29,2024-12-31,003026
23473,1997-12-18,2024-12-31,014824
23536,2008-10-31,2024-12-31,011550
23579,1978-10-05,2024-12-31,010519
23660,2001-03-01,2024-12-31,003062
23712,1948-07-07,2024-12-31,008810
23819,1957-03-01,2024-12-31,005439
23931,1949-07-06,2024-12-31,007977
24010,1957-03-01,2024-12-31,007366
24109,1951-09-06,2024-12-31,001440
24205,1976-07-01,2024-12-31,004517
24328,2008-12-19,2018-11-12,004430
24643,1957-03-01,2024-12-31,028192
24766,1985-06-13,2024-12-31,007985
24942,1957-03-01,2020-04-03,008972
24985,1991-09-20,2024-12-31,010860
25081,1995-12-01,2024-06-21,003231
25232,2010-03-15,2024-12-31,008151
25320,1957-03-01,2024-12-31,002663
25419,1959-04-01,2024-03-15,011465
25582,2008-09-22,2024-12-31,005492
25778,1987-07-09,2018-11-05,003310
25785,1957-03-01,2024-12-31,004839
25953,1985-10-24,2024-12-31,004058
26403,1976-07-01,2024-12-31,003980
26710,1995-05-10,2024-12-31,006781
26825,1961-04-26,2024-12-31,006375
27043,2007-02-12,2021-04-19,011115
27828,1974-10-17,2024-12-31,005606
27887,1972-09-14,2024-12-31,002086
27959,1976-07-01,2024-12-31,004093
27983,1963-09-05,2021-03-19,011636
27991,1999-10-04,2024-12-31,001075
28222,1985-04-11,2024-12-31,001209
28388,2005-08-12,2023-01-04,011220
28484,1984-05-17,2024-12-31,001380
28804,2016-05-13,2023-12-15,001230
29946,1982-10-14,2024-12-31,002435
30681,1997-12-24,2024-12-31,004066
30940,2008-10-02,2021-03-19,004108
32707,2010-03-01,2020-05-21,005581
32870,2009-03-04,2024-12-31,005709
34032,1981-06-18,2024-12-31,007085
34746,1996-03-08,2024-12-31,004640
34817,1985-04-18,2024-12-31,008030
34833,1982-12-09,2024-12-31,008068
35044,1998-08-28,2024-12-31,004674
35554,2004-02-27,2024-12-31,004699
36468,1964-05-14,2024-12-31,009667
37284,2007-09-27,2018-09-28,010466
37584,1998-04-29,2024-12-31,004885
38093,2016-05-31,2024-12-31,004973
38156,1975-02-06,2024-12-31,011506
38703,1976-07-01,2024-12-31,008007
38762,2000-11-02,2024-12-31,007974
39490,1997-07-28,2024-12-31,001678
39538,1982-03-11,2019-06-06,007116
39642,1972-09-14,2024-12-31,002111
39917,1963-12-05,2024-12-31,011456
40125,2017-04-04,2023-10-02,003336
40272,1976-03-04,2024-12-31,006078
40539,1985-09-26,2024-12-31,011672
41080,1965-01-07,2024-12-31,003650
41355,1985-11-07,2024-12-31,008358
42200,1985-05-09,2024-12-31,004145
42585,2008-11-06,2024-12-31,009777
42877,2015-07-01,2024-12-31,005783
42906,1997-08-06,2024-12-31,005786
43350,1982-09-16,2024-12-31,010016
43449,1970-06-25,2024-12-31,007154
43553,1979-05-03,2024-04-02,011060
44206,2009-03-17,2024-12-31,007970
44601,1987-12-24,2024-12-31,001913
44644,1981-02-26,2024-12-31,001891
45356,2010-08-27,2024-12-31,006268
45751,1987-08-06,2024-12-31,007065
45911,2015-03-12,2024-12-31,001327
46578,1969-01-16,2024-12-31,003121
46674,1973-11-15,2024-12-31,005125
46703,2007-03-20,2024-12-31,007063
46886,1997-09-15,2024-12-31,006304
47896,1976-07-01,2024-12-31,002968
48486,2012-06-05,2024-12-31,006565
48506,1979-12-27,2024-12-31,139665
48653,1995-12-01,2024-12-31,027914
48725,1969-07-16,2024-12-31,010867
49015,1976-07-01,2023-09-15,006742
49154,1976-12-09,2024-12-31,003813
49373,1986-11-28,2020-09-18,002269
49656,1995-03-31,2024-12-31,002019
49680,1998-11-18,2024-12-31,003735
50017,2007-12-21,2018-06-15,006788
50876,1970-11-19,2024-12-31,006730
52038,1986-12-18,2024-12-31,010247
52090,2003-03-21,2024-12-31,007146
52230,2000-12-05,2024-06-21,002312
52329,2007-10-26,2024-12-31,006216
52476,1997-06-19,2024-12-31,004423
52695,1981-05-14,2024-12-31,005256
52708,2005-10-04,2024-12-31,006669
52978,1984-09-13,2024-12-31,005518
53065,1992-10-30,2024-12-31,006136
53613,1994-09-27,2024-12-31,007343
54148,1984-04-12,2024-12-31,008823
55976,1982-08-19,2024-12-31,011259
56274,1983-09-01,2024-12-31,003362
56573,1986-02-13,2024-12-31,005878
57568,1984-10-04,2024-12-31,001988
57665,1988-11-03,2024-12-31,007906
57817,1986-08-07,2020-06-19,007922
57904,1999-05-28,2024-12-31,001449
58246,1998-01-30,2024-12-31,007982
58413,2016-02-01,2024-12-31,004605
58683,1994-07-13,2024-12-31,009882
58819,2016-07-01,2024-12-31,011554
59010,1986-08-21,2022-02-02,004990
59176,1976-07-01,2024-12-31,001447
59248,1976-07-01,2024-12-31,003505
59300,2016-03-07,2024-12-31,010894
59328,1976-12-09,2024-12-31,006008
59408,1976-07-01,2024-12-31,007647
59459,1976-07-01,2024-12-31,062689
60097,1986-10-23,2024-12-31,007228
60206,1982-09-16,2024-12-31,009778
60442,1988-04-14,2024-12-31,008245
60506,1980-10-02,2024-12-31,008253
60599,1999-03-25,2023-03-17,002884
60628,1980-11-06,2024-12-31,004598
60871,1999-10-12,2024-12-31,001632
60943,1999-10-18,2021-12-17,006649
60986,1989-04-27,2023-09-15,007875
61241,2017-03-20,2024-12-31,001161
61399,1984-03-01,2024-12-31,006829
61621,1998-10-01,2024-12-31,008402
61735,1996-04-23,2024-12-31,003221
61815,2007-10-08,2020-10-09,007912
62092,1997-01-02,2024-12-31,010530
62148,1980-11-06,2024-12-31,002574
62308,1989-04-27,2024-12-31,010614
64186,1982-04-08,2024-12-31,002547
64282,1983-09-15,2024-09-30,006733
64311,1982-06-03,2024-12-31,007923
64390,1997-08-04,2024-12-31,013341
64653,2005-08-19,2024-12-31,010096
64936,1983-05-20,2024-12-31,004029
64995,1994-03-02,2024-12-31,009783
65402,2017-07-26,2024-12-31,009771
65541,2016-09-23,2024-12-31,003504
65875,1983-12-01,2024-12-31,002136
65947,2009-01-30,2024-12-31,005543
66093,1983-12-01,2024-12-31,009899
66157,1995-10-23,2024-12-31,004723
66181,1988-03-03,2024-12-31,005680
66384,2009-07-01,2024-12-31,011399
66800,1980-02-14,2024-12-31,001487
67598,2008-03-31,2024-12-31,013125
68144,1988-05-05,2019-12-06,010187
69032,1995-09-22,2024-12-31,012124
69550,2004-04-23,2020-11-16,007637
69649,2017-03-20,2024-12-31,008898
69796,2005-07-05,2024-12-31,002710
70033,2000-01-31,2020-06-19,012389
70332,1997-07-28,2019-08-08,011923
70519,1988-05-26,2024-12-31,003243
70578,1989-01-12,2024-12-31,004213
71175,1994-03-11,2021-09-17,012726
71563,1997-12-04,2024-12-31,011856
72726,1997-08-15,2024-12-31,010035
73139,2000-12-12,2024-12-31,010115
75034,1987-04-09,2024-12-31,032106
75100,2000-06-21,2021-01-06,013646
75154,1998-12-22,2024-12-31,013498
75186,1997-06-02,2024-12-31,013988
75241,2008-09-24,2024-05-07,014359
75341,2017-07-26,2022-09-30,013510
75510,1997-05-06,2024-12-31,012540
75607,2003-03-31,2024-12-31,015855
75819,2009-03-04,2024-12-31,110179
75825,2000-11-02,2024-12-31,016478
75828,2002-07-22,2024-12-31,016721
76076,1993-12-31,2024-12-31,020779
76082,2008-06-23,2024-12-31,020548
76095,2016-03-30,2024-12-31,020904
76201,1999-11-08,2022-02-14,022325
76226,1994-09-30,2024-12-31,013714
76605,1997-01-02,2024-12-31,023809
76614,2013-05-01,2024-12-31,023812
76639,2008-01-02,2019-09-20,010631
76709,2017-01-05,2024-12-31,024197
76712,1998-10-02,2024-12-31,024216
76744,2013-09-23,2024-12-31,024344
76841,2003-11-13,2024-12-31,024468
77129,2006-04-03,2024-12-31,024731
77178,1999-07-22,2024-12-31,024800
77182,2011-12-19,2021-09-17,024782
77274,2004-07-01,2024-12-31,024856
77338,2009-12-23,2024-12-31,024925
77357,2017-03-16,2024-12-31,024975
77418,1999-01-04,2018-06-19,025056
77462,1995-12-01,2020-04-03,004611
77496,2013-12-23,2024-12-31,025119
77605,1995-02-24,2024-12-31,025279
77606,1998-08-14,2020-09-18,025283
77661,2005-07-05,2024-12-31,025340
77668,2003-09-26,2018-12-21,025356
77702,2000-06-08,2024-12-31,025434
77730,2005-08-11,2024-12-31,010793
77768,1992-07-06,2018-10-30,025124
78034,2005-10-11,2018-03-16,025880
78877,2006-03-03,2018-03-16,027786
78916,1999-04-12,2020-05-11,027845
78975,2000-12-11,2024-12-31,027928
78987,2007-09-07,2024-12-31,027965
79057,2010-07-15,2024-12-31,028034
79103,2009-03-27,2024-12-31,028180
79129,2013-12-10,2018-08-27,028119
79145,2014-12-05,2024-12-31,028191
79265,2009-01-02,2021-05-13,028477
79323,1995-07-13,2024-12-31,028349
79545,2011-12-19,2024-12-31,028742
79547,2001-12-03,2024-12-31,028733
79637,2014-09-22,2024-12-31,011032
79678,2015-08-31,2023-10-17,180405
79698,2017-04-05,2024-12-31,012441
79782,2017-03-02,2024-12-31,029099
79906,2017-02-28,2024-12-31,029127
79915,2010-12-20,2019-02-14,029173
80080,1994-01-04,2024-12-31,029392
80100,2002-06-26,2024-12-31,029389
80183,2016-12-02,2024-12-31,029649
80191,2016-07-01,2024-12-31,029751
80204,2014-07-02,2024-12-31,029733
80286,2014-01-24,2024-12-31,029736
80381,2007-01-10,2024-12-31,029875
80399,2013-05-09,2019-12-20,029868
80681,2014-04-02,2024-12-31,030293
80711,2003-03-14,2020-12-18,030490
81045,2015-04-07,2024-12-31,030822
81055,1998-07-01,2024-12-31,030990
81061,1999-01-13,2024-12-31,007171
81481,2011-12-19,2024-12-31,031587
81540,2001-08-30,2024-12-31,031673
81655,1995-05-30,2024-12-31,031846
81696,2017-03-13,2023-06-16,060900
81736,2017-07-26,2024-12-31,031887
81774,1995-07-31,2024-12-31,014590
82303,2017-06-19,2024-12-31,061388
82307,2008-07-31,2024-12-31,061483
82581,2015-03-18,2024-12-31,061494
82598,1999-06-25,2024-12-31,061591
82642,2006-01-05,2024-12-31,061567
82651,2002-01-02,2024-12-31,061574
82686,1999-12-01,2022-09-30,061676
82775,1995-12-20,2024-12-31,061739
83111,2012-05-25,2021-07-20,062263
83143,2009-01-06,2024-12-31,062374
83443,2010-02-16,2024-12-31,002176
83621,2017-06-19,2024-12-31,063080
83862,2004-04-01,2020-10-06,063501
83906,2008-11-19,2018-11-30,063527
84032,2005-03-14,2021-09-17,063892
84129,2001-06-25,2024-03-15,011687
84373,2002-12-12,2024-12-31,064166
84381,1996-12-09,2024-12-31,009203
84767,2017-03-20,2024-12-31,064821
84769,2008-09-30,2024-12-31,014282
84788,2005-11-21,2024-12-31,064768
85035,2015-06-12,2024-12-20,064853
85058,2006-04-03,2024-12-31,064925
85072,2007-02-02,2024-12-31,064891
85257,2013-09-23,2024-12-31,001598
85265,2015-03-23,2021-03-19,065290
85269,2004-04-29,2024-12-31,015247
85348,1997-10-07,2024-12-31,065417
85459,2007-03-02,2024-12-31,065609
85592,2011-06-03,2024-12-31,029984
85593,2014-07-01,2019-12-20,065886
85621,2016-09-06,2024-12-31,065772
85631,1989-12-21,2024-12-31,001878
85663,2014-09-22,2024-12-31,066065
85675,2016-12-02,2018-10-10,065967
85753,2006-02-01,2024-12-31,066368
85792,2009-07-01,2024-12-31,066446
85913,1998-05-21,2024-12-31,028930
85914,1999-06-30,2024-12-31,002184
85926,1998-04-01,2023-12-15,009555
86021,2004-12-01,2019-06-28,110685
86111,2007-11-19,2024-12-31,105365
86136,1998-06-30,2024-12-31,008272
86158,2006-11-17,2024-12-31,111864
86228,2008-12-05,2024-12-31,112168
86314,2001-09-04,2018-09-14,024318
86339,2012-03-14,2024-12-31,113490
86356,2002-07-22,2024-12-31,114524
86580,2001-11-30,2024-12-31,117768
86783,2009-11-06,2024-12-31,119314
86868,2002-07-22,2024-12-31,114628
86964,2010-12-20,2024-12-31,121077
86979,2006-06-02,2024-12-31,121718
86996,2017-09-01,2024-12-31,121382
87055,1993-10-22,2024-12-31,029028
87137,2000-08-30,2024-12-31,014934
87184,2009-07-27,2019-07-12,122841
87267,2011-04-04,2024-12-31,124434
87299,2007-07-12,2024-12-31,125595
87432,2000-06-05,2024-12-31,126554
87447,2002-07-22,2024-12-31,010920
87541,2017-07-26,2024-12-31,128978
87657,2011-04-01,2024-12-31,133366
87717,2007-10-10,2024-12-31,004494
87842,2000-12-11,2024-12-31,133768
88031,2012-06-29,2024-12-31,024316
88352,2008-06-02,2024-12-31,136725
88446,2015-11-19,2024-06-21,138205
88661,2004-09-01,2024-12-31,140541
88668,2002-08-14,2018-06-06,140760
88837,2012-12-12,2024-12-31,141459
88845,2000-12-14,2018-11-30,001177
88853,2000-12-22,2019-06-03,004818
88860,2017-06-19,2024-12-31,141384
88873,2016-04-25,2024-12-31,141913
89002,2013-12-23,2020-06-19,143974
89003,2006-11-10,2024-12-31,165993
89006,2007-04-02,2024-12-31,142953
89014,2001-07-02,2018-11-30,144066
89017,2016-01-05,2024-12-31,144009
89070,2001-08-07,2024-12-31,144559
89071,2011-07-06,2024-12-31,143357
89179,2002-07-25,2024-12-31,145046
89195,2002-07-22,2024-12-31,145701
89216,2016-05-03,2018-06-15,146017
89217,2015-07-09,2023-08-24,145977
89258,2002-07-22,2024-12-31,143356
89269,2016-03-30,2024-12-31,145552
89393,2010-12-20,2024-12-31,147579
89508,2010-06-28,2024-12-31,064410
89509,2014-06-23,2020-03-02,150699
89525,2002-11-19,2024-12-31,003226
89533,2008-11-14,2024-12-31,149318
89617,2015-03-23,2024-12-31,138743
89626,2006-08-11,2024-12-31,149070
89641,2012-07-02,2024-12-31,150937
89866,2016-05-23,2024-12-31,155394
90038,2007-04-10,2024-12-31,157057
90071,2010-01-29,2024-12-31,135990
90199,2006-11-10,2024-12-31,260774
90215,2008-09-15,2024-12-31,157855
90305,2016-01-19,2024-12-31,160479
90319,2006-04-03,2024-12-31,160329
90373,2016-05-18,2024-12-31,160991
90386,2011-09-26,2024-12-31,162129
90441,2004-12-20,2019-03-19,012886
90601,2008-10-22,2024-12-31,149337
90805,2010-03-01,2022-04-08,164296
90808,2007-10-02,2024-12-31,126296
90829,2008-08-27,2024-12-31,163946
90880,2005-10-03,2024-12-31,164708
90979,2014-05-01,2022-06-17,165052
90993,2007-09-26,2024-12-31,163610
91063,2006-01-03,2019-12-04,165675
91068,2011-04-28,2024-12-31,165914
91103,2015-09-03,2024-12-31,010795
91152,2016-06-03,2024-12-31,148349
91233,2008-07-18,2024-12-31,160225
91392,2006-08-01,2018-05-30,174729
91416,2015-03-23,2021-12-17,175319
91461,2006-10-02,2021-12-17,175263
91556,2009-12-21,2024-12-31,009248
91926,2013-09-11,2024-12-31,003851
92121,2007-07-02,2024-12-31,177376
92157,2011-10-17,2024-12-31,177267
92239,2016-02-22,2021-01-20,177884
92322,2016-04-18,2024-12-31,178704
92602,2008-03-31,2024-12-31,179621
92611,2009-12-21,2024-12-31,179534
92614,2016-03-04,2024-12-31,179437
92618,2008-10-07,2018-06-29,179700
92655,1994-07-01,2024-12-31,010903
92709,2008-07-01,2018-03-06,180167
93002,2014-05-08,2024-12-31,180711
93089,2015-10-08,2024-12-31,180652
93096,2012-12-03,2024-12-31,004016
93429,2017-03-01,2024-12-31,184500
