permno,start,ending,gvkey,sic,conm
10104,1989-08-03,2024-12-31,012142,7372,ORACLE CORP
10107,1994-06-07,2024-12-31,012141,7372,MICROSOFT CORP
10138,1999-10-13,2024-12-31,012138,6282,PRICE (T. ROWE) GROUP
10145,1925-12-31,2024-12-31,001300,9997,HONEYWELL INTERNATIONAL INC
10516,1981-07-30,2024-12-31,001722,2070,ARCHER-DANIELS-MIDLAND CO
10696,2001-04-02,2024-12-31,012635,7389,FISERV INC
10909,2010-04-30,2022-06-07,012850,7373,CERNER CORP
11308,1957-03-01,2024-12-31,003144,2086,COCA-COLA CO
11403,2017-09-18,2024-12-31,013421,7372,CADENCE DESIGN SYSTEMS INC
11404,1925-12-31,2024-12-31,003413,4931,CONSOLIDATED EDISON INC
11552,2006-11-06,2019-11-20,013599,2834,CELGENE CORP
11600,2008-11-14,2024-04-02,013700,3843,DENTSPLY SIRONA INC
11618,2008-09-15,2024-12-31,014225,5000,FASTENAL CO
11674,1925-12-31,2024-12-31,003897,4931,DTE ENERGY CO
11850,1925-12-31,2024-12-31,004503,2911,EXXON MOBIL CORP
11891,2017-07-26,2024-12-31,014418,7990,MGM RESORTS INTERNATIONAL
11955,1998-07-17,2024-12-31,014477,4953,WASTE MANAGEMENT INC
12052,1957-03-01,2024-12-31,005046,3721,GENERAL DYNAMICS CORP
12060,1957-03-01,2024-12-31,005047,3724,GE AEROSPACE
12062,2004-11-01,2024-12-31,014960,8071,LABCORP HOLDINGS INC
12073,2008-11-13,2022-04-01,016245,6020,PEOPLE'S UNITED FINL INC
12076,2015-07-29,2018-03-16,015520,5944,SIGNET JEWELERS LTD
12308,2016-09-08,2024-12-31,126136,4841,CHARTER COMMUNICATIONS INC
12345,2012-09-05,2024-12-31,294524,2820,LYONDELLBASELL INDUSTRIES
12369,2013-06-07,2024-12-31,005073,3711,GENERAL MOTORS CO
12431,2010-11-17,2024-12-31,005959,3585,TRANE TECHNOLOGIES PLC
12490,1957-03-01,2024-12-31,006066,7370,INTL BUSINESS MACHINES CORP
12542,2013-07-09,2022-10-11,100873,8700,NIELSEN HOLDINGS PLC
12558,2012-05-25,2024-12-31,006310,4923,KINDER MORGAN INC
12622,2015-01-27,2024-12-31,022260,8062,HCA HEALTHCARE INC
12650,2013-05-24,2021-12-13,006335,4011,KANSAS CITY SOUTHERN
12872,2011-07-01,2024-12-31,186989,2911,MARATHON PETROLEUM CORP
12981,2016-06-24,2022-12-16,188255,3430,FORTUNE BRANDS INNOVATNS INC
13035,2011-11-01,2024-12-31,189491,3561,XYLEM INC
13103,2012-12-24,2024-12-31,118122,3714,APTIV PLC
13142,2013-11-13,2020-05-11,198058,2300,CAPRI HOLDINGS LTD
13168,2011-12-21,2019-12-20,199356,7370,TRIPADVISOR INC
13356,2012-05-01,2024-12-31,170841,2911,PHILLIPS 66
13407,2013-12-23,2024-12-31,170617,7370,META PLATFORMS INC
13586,2012-10-01,2024-12-31,008463,3561,PENTAIR PLC
13688,1925-12-31,2019-01-17,008264,4931,PG&E CORP
13721,2013-01-02,2024-12-31,016101,2836,ABBVIE INC
13760,2017-10-13,2024-12-31,104432,4400,NORWEGIAN CRUISE LINE HLDGS
13788,2013-06-24,2024-12-31,013721,2834,ZOETIS INC
13856,1957-03-01,2024-12-31,008479,2080,PEPSICO INC
13901,1957-03-01,2024-12-31,008543,2111,ALTRIA GROUP INC
13911,2017-08-29,2024-12-31,017928,8731,IQVIA HOLDINGS INC
13928,1957-03-01,2024-12-31,008549,1311,CONOCOPHILLIPS
13936,2013-02-14,2022-09-16,008551,2300,PVH CORP
13963,2013-07-01,2024-12-31,018043,2711,NEWS CORP
13983,2016-10-03,2020-09-18,012151,2844,COTY INC
14008,1992-01-02,2024-12-31,001602,2836,AMGEN INC
14277,1965-03-04,2024-12-31,009465,1389,SLB LTD
14297,2013-12-02,2024-12-31,316056,3420,ALLEGION PLC
14338,2017-06-19,2024-12-31,005643,7011,HILTON WORLDWIDE HOLDINGS
14541,1925-12-31,2024-12-31,002991,2911,CHEVRON CORP
14593,1982-11-18,2024-12-31,001690,3663,APPLE INC
14601,2014-05-01,2018-06-04,010121,6111,NAVIENT CORP
14702,1995-03-16,2024-12-31,001704,3559,APPLIED MATERIALS INC
14704,2017-06-02,2022-03-01,162906,7370,IHS MARKIT LTD
14776,2015-11-18,2024-12-31,020686,6141,SYNCHRONY FINANCIAL
14889,2016-02-01,2024-12-31,021825,6020,CITIZENS FINANCIAL GROUP INC
15069,1925-12-31,2024-11-25,007017,1311,MARATHON OIL CORP
15202,1999-07-01,2024-12-31,011228,1400,VULCAN MATERIALS CO
15408,2015-07-06,2024-12-31,005568,2030,KRAFT HEINZ CO
15456,2016-04-04,2019-08-08,011584,5661,FOOT LOCKER INC
15488,2015-07-20,2024-12-31,024616,7389,PAYPAL HOLDINGS INC
15579,1959-03-25,2024-12-31,010499,3674,TEXAS INSTRUMENTS INC
15707,2015-11-02,2024-12-31,026156,3571,HEWLETT PACKARD ENTERPRISE
15720,1925-12-31,2024-12-31,009846,4911,EDISON INTERNATIONAL
15797,2015-11-30,2018-04-03,026304,7370,CSRA INC
16087,2016-07-05,2024-12-31,026590,3829,FORTIVE CORP
16432,1925-12-31,2019-02-26,005234,3011,GOODYEAR TIRE & RUBBER CO
16538,2017-01-17,2021-02-11,030923,1389,TECHNIPFMC PLC
16600,1957-03-01,2024-12-31,005597,2060,HERSHEY CO
16678,1957-03-01,2024-12-31,006502,5411,KROGER CO
16816,2017-08-07,2019-04-02,031774,6311,BRIGHTHOUSE FINANL INC
16851,2017-09-01,2024-12-31,004060,2820,DUPONT DE NEMOURS INC
17005,1957-03-01,2024-12-31,007241,8000,CVS HEALTH CORP
17144,1969-02-13,2024-12-31,005071,2040,GENERAL MILLS INC
17478,1957-03-01,2024-12-31,007163,7323,S&P GLOBAL INC
17750,1957-03-01,2024-12-31,006435,2621,KIMBERLY-CLARK CORP
17830,1957-03-01,2024-12-31,010983,3724,RTX CORP
18163,1957-03-01,2024-12-31,008762,2840,PROCTER & GAMBLE CO
18411,1944-06-07,2024-12-31,009850,4911,SOUTHERN CO
18542,1957-03-01,2024-12-31,002817,3531,CATERPILLAR INC
18729,1957-03-01,2024-12-31,003170,2844,COLGATE-PALMOLIVE CO
19166,2009-08-19,2024-12-31,004510,2870,FMC CORP
19350,1957-03-01,2024-12-31,003835,3523,DEERE & CO
19393,1957-03-01,2024-12-31,002403,2834,BRISTOL-MYERS SQUIBB CO
19502,1979-10-11,2024-12-31,011264,5912,WALGREENS BOOTS ALLIANCE INC
19561,1957-03-01,2024-12-31,002285,3721,BOEING CO
19583,2008-08-21,2024-12-31,029804,6282,INVESCO LTD
20415,2007-08-27,2019-09-25,006682,6211,JEFFERIES FINANCIAL GRP INC
20482,1957-03-01,2024-12-31,001078,3845,ABBOTT LABORATORIES
21020,2015-03-23,2024-09-20,001045,4512,AMERICAN AIRLINES GROUP INC
21178,1984-07-19,2024-12-31,006774,3760,LOCKHEED MARTIN CORP
21186,1957-03-01,2024-07-05,029830,2650,WESTROCK CO
21207,1969-05-15,2024-12-31,007881,1040,NEWMONT CORP
21371,1997-05-27,2024-12-31,002751,5122,CARDINAL HEALTH INC
21573,1925-12-31,2024-12-31,006104,2631,INTL PAPER CO
21776,1944-06-07,2024-12-31,008539,4911,EXELON CORP
21792,1985-07-25,2024-12-31,005742,4931,CENTERPOINT ENERGY INC
21936,1957-03-01,2024-12-31,008530,2834,PFIZER INC
22103,1965-01-07,2024-12-31,004321,3823,EMERSON ELECTRIC CO
22111,1973-05-31,2024-12-31,006266,2834,JOHNSON & JOHNSON
22293,1957-03-01,2024-12-31,003532,3357,CORNING INC
22509,1957-03-01,2024-12-31,008247,2851,PPG INDUSTRIES INC
22517,1995-11-27,2024-12-31,008455,4911,PPL CORP
22592,1957-03-01,2024-12-31,007435,9997,3M CO
22752,1957-03-01,2024-12-31,007257,2834,MERCK & CO INC
22779,1957-03-01,2024-12-31,007585,3663,MOTOROLA SOLUTIONS INC
23026,1957-07-10,2024-12-31,008099,4911,FIRSTENERGY CORP
23085,2009-01-02,2018-12-31,009445,4931,SCANA CORP
23229,1999-05-03,2024-12-31,003439,4931,CMS ENERGY CORP
23393,2015-12-29,2024-12-31,003026,2840,CHURCH & DWIGHT INC
23473,1997-12-18,2024-12-31,014824,6331,CINCINNATI FINANCIAL CORP
23536,2008-10-31,2024-12-31,011550,4931,WEC ENERGY GROUP INC
23579,1978-10-05,2024-12-31,010519,3721,TEXTRON INC
23660,2001-03-01,2024-12-31,003062,7200,CINTAS CORP
23712,1948-07-07,2024-12-31,008810,4931,PUBLIC SERVICE ENTRP GRP INC
23819,1957-03-01,2024-12-31,005439,1389,HALLIBURTON CO
23931,1949-07-06,2024-12-31,007977,4931,XCEL ENERGY INC
24010,1957-03-01,2024-12-31,007366,4911,ENTERGY CORP
24109,1951-09-06,2024-12-31,001440,4911,AMERICAN ELECTRIC POWER CO
24205,1976-07-01,2024-12-31,004517,4911,NEXTERA ENERGY INC
24328,2008-12-19,2018-11-12,004430,1311,EQT CORP
24643,1957-03-01,2024-12-31,028192,3728,HOWMET AEROSPACE INC
24766,1985-06-13,2024-12-31,007985,3812,NORTHROP GRUMMAN CORP
24942,1957-03-01,2020-04-03,008972,3812,RAYTHEON CO
24985,1991-09-20,2024-12-31,010860,4931,AMEREN CORP
25081,1995-12-01,2024-06-21,003231,6020,COMERICA INC
25232,2010-03-15,2024-12-31,008151,4923,ONEOK INC
25320,1957-03-01,2024-12-31,002663,2030,CAMPBELL'S CO (THE)
25419,1959-04-01,2024-03-15,011465,3630,WHIRLPOOL CORP
25582,2008-09-22,2024-12-31,005492,3812,L3HARRIS TECHNOLOGIES INC
25778,1987-07-09,2018-11-05,003310,7372,CA INC
25785,1957-03-01,2024-12-31,004839,3711,FORD MOTOR CO
25953,1985-10-24,2024-12-31,004058,3559,DOVER CORP
26403,1976-07-01,2024-12-31,003980,4888,DISNEY (WALT) CO
26710,1995-05-10,2024-12-31,006781,6331,LOEWS CORP
26825,1961-04-26,2024-12-31,006375,2040,KELLANOVA
27043,2007-02-12,2021-04-19,011115,3845,VARIAN MEDICAL SYSTEMS INC
27828,1974-10-17,2024-12-31,005606,3570,HP INC
27887,1972-09-14,2024-12-31,002086,3841,BAXTER INTERNATIONAL INC
27959,1976-07-01,2024-12-31,004093,4931,DUKE ENERGY CORP
27983,1963-09-05,2021-03-19,011636,3577,XEROX HOLDINGS CORP
27991,1999-10-04,2024-12-31,001075,4911,PINNACLE WEST CAPITAL CORP
28222,1985-04-11,2024-12-31,001209,2810,AIR PRODUCTS & CHEMICALS INC
28388,2005-08-12,2023-01-04,011220,6798,VORNADO REALTY TRUST
28484,1984-05-17,2024-12-31,001380,1311,HESS CORP
28804,2016-05-13,2023-12-15,001230,4512,ALASKA AIR GROUP INC
29946,1982-10-14,2024-12-31,002435,2085,BROWN FORMAN CORP
30681,1997-12-24,2024-12-31,004066,7311,OMNICOM GROUP INC
30940,2008-10-02,2021-03-19,004108,3561,FLOWSERVE CORP
32707,2010-03-01,2020-05-21,005581,1381,HELMERICH & PAYNE
32870,2009-03-04,2024-12-31,005709,2011,HORMEL FOODS CORP
34032,1981-06-18,2024-12-31,007085,3430,MASCO CORP
34746,1996-03-08,2024-12-31,004640,6020,FIFTH THIRD BANCORP
34817,1985-04-18,2024-12-31,008030,3312,NUCOR CORP
34833,1982-12-09,2024-12-31,008068,1311,OCCIDENTAL PETROLEUM CORP
35044,1998-08-28,2024-12-31,004674,6020,REGIONS FINANCIAL CORP
35554,2004-02-27,2024-12-31,004699,6020,M&T BANK CORP
36468,1964-05-14,2024-12-31,009667,2851,SHERWIN-WILLIAMS CO
37284,2007-09-27,2018-09-28,010466,2911,ANDEAVOR
37584,1998-04-29,2024-12-31,004885,6282,FRANKLIN RESOURCES INC
38093,2016-05-31,2024-12-31,004973,6411,ARTHUR J GALLAGHER & CO
38156,1975-02-06,2024-12-31,011506,4922,WILLIAMS COS INC
38703,1976-07-01,2024-12-31,008007,6020,WELLS FARGO & CO
38762,2000-11-02,2024-12-31,007974,4932,NISOURCE INC
39490,1997-07-28,2024-12-31,001678,1311,APA CORP
39538,1982-03-11,2019-06-06,007116,3942,MATTEL INC
39642,1972-09-14,2024-12-31,002111,3841,BECTON DICKINSON & CO
39917,1963-12-05,2024-12-31,011456,2400,WEYERHAEUSER CO
40125,2017-04-04,2023-10-02,003336,7370,DXC TECHNOLOGY CO
40272,1976-03-04,2024-12-31,006078,2860,INTL FLAVORS & FRAGRANCES
40539,1985-09-26,2024-12-31,011672,5651,TJX COS INC (THE)
41080,1965-01-07,2024-12-31,003650,3510,CUMMINS INC
41355,1985-11-07,2024-12-31,008358,3490,PARKER-HANNIFIN CORP
42200,1985-05-09,2024-12-31,004145,3826,REVVITY INC
42585,2008-11-06,2024-12-31,009777,2033,SMUCKER (JM) CO
42877,2015-07-01,2024-12-31,005783,4213,HUNT (JB) TRANSPRT SVCS INC
42906,1997-08-06,2024-12-31,005786,6020,HUNTINGTON BANCSHARES
43350,1982-09-16,2024-12-31,010016,3540,STANLEY BLACK & DECKER INC
43449,1970-06-25,2024-12-31,007154,5812,MCDONALD'S CORP
43553,1979-05-03,2024-04-02,011060,2300,VF CORP
44206,2009-03-17,2024-12-31,007970,4931,EVERSOURCE ENERGY
44601,1987-12-24,2024-12-31,001913,2670,AVERY DENNISON CORP
44644,1981-02-26,2024-12-31,001891,7374,AUTOMATIC DATA PROCESSING
45356,2010-08-27,2024-12-31,006268,3585,JOHNSON CONTROLS INTL PLC
45751,1987-08-06,2024-12-31,007065,6411,MARSH
45911,2015-03-12,2024-12-31,001327,3674,SKYWORKS SOLUTIONS INC
46578,1969-01-16,2024-12-31,003121,2842,CLOROX CO/DE
46674,1973-11-15,2024-12-31,005125,5013,GENUINE PARTS CO
46703,2007-03-20,2024-12-31,007063,6798,HOST HOTELS & RESORTS INC
46886,1997-09-15,2024-12-31,006304,3827,KLA CORP
47896,1976-07-01,2024-12-31,002968,6020,JPMORGAN CHASE & CO
48486,2012-06-05,2024-12-31,006565,3559,LAM RESEARCH CORP
48506,1979-12-27,2024-12-31,139665,7323,MOODY'S CORP
48653,1995-12-01,2024-12-31,027914,6324,HUMANA INC
48725,1969-07-16,2024-12-31,010867,4011,UNION PACIFIC CORP
49015,1976-07-01,2023-09-15,006742,6311,LINCOLN NATIONAL CORP
49154,1976-12-09,2024-12-31,003813,5331,TARGET CORP
49373,1986-11-28,2020-09-18,002269,7200,BLOCK H & R INC
49656,1995-03-31,2024-12-31,002019,6020,BANK OF NEW YORK MELLON CORP
49680,1998-11-18,2024-12-31,003735,3826,DANAHER CORP
50017,2007-12-21,2018-06-15,006788,1311,RANGE RESOURCES CORP
50876,1970-11-19,2024-12-31,006730,2834,LILLY (ELI) & CO
52038,1986-12-18,2024-12-31,010247,5140,SYSCO CORP
52090,2003-03-21,2024-12-31,007146,2090,MCCORMICK & CO INC
52230,2000-12-05,2024-06-21,002312,7363,ROBERT HALF INC
52329,2007-10-26,2024-12-31,006216,8700,JACOBS SOLUTIONS INC
52476,1997-06-19,2024-12-31,004423,7323,EQUIFAX INC
52695,1981-05-14,2024-12-31,005256,5000,GRAINGER (W W) INC
52708,2005-10-04,2024-12-31,006669,1531,LENNAR CORP
52978,1984-09-13,2024-12-31,005518,3944,HASBRO INC
53065,1992-10-30,2024-12-31,006136,7311,INTERPUBLIC GROUP OF COS
53613,1994-09-27,2024-12-31,007343,3674,MICRON TECHNOLOGY INC
54148,1984-04-12,2024-12-31,008823,1531,PULTEGROUP INC
55976,1982-08-19,2024-12-31,011259,5331,WALMART INC
56274,1983-09-01,2024-12-31,003362,2000,CONAGRA BRANDS INC
56573,1986-02-13,2024-12-31,005878,3560,ILLINOIS TOOL WORKS
57568,1984-10-04,2024-12-31,001988,3411,BALL CORP
57665,1988-11-03,2024-12-31,007906,3021,NIKE INC  -CL B
57817,1986-08-07,2020-06-19,007922,5651,NORDSTROM INC
57904,1999-05-28,2024-12-31,001449,6321,AFLAC INC
58246,1998-01-30,2024-12-31,007982,6020,NORTHERN TRUST CORP
58413,2016-02-01,2024-12-31,004605,6798,FEDERAL REALTY INVESTMENT TR
58683,1994-07-13,2024-12-31,009882,4512,SOUTHWEST AIRLINES
58819,2016-07-01,2024-12-31,011554,4931,ALLIANT ENERGY CORP
59010,1986-08-21,2022-02-02,004990,5651,GAP INC
59176,1976-07-01,2024-12-31,001447,6141,AMERICAN EXPRESS CO
59248,1976-07-01,2024-12-31,003505,2082,MOLSON COORS BEVERAGE CO
59300,2016-03-07,2024-12-31,010894,6798,UDR INC
59328,1976-12-09,2024-12-31,006008,3674,INTEL CORP
59408,1976-07-01,2024-12-31,007647,6020,BANK OF AMERICA CORP
59459,1976-07-01,2024-12-31,062689,6331,TRAVELERS COS INC
60097,1986-10-23,2024-12-31,007228,3845,MEDTRONIC PLC
60206,1982-09-16,2024-12-31,009778,3420,SNAP-ON INC
60442,1988-04-14,2024-12-31,008245,6020,PNC FINANCIAL SVCS GROUP INC
60506,1980-10-02,2024-12-31,008253,3711,PACCAR INC
60599,1999-03-25,2023-03-17,002884,4813,LUMEN TECHNOLOGIES INC
60628,1980-11-06,2024-12-31,004598,4513,FEDEX CORP
60871,1999-10-12,2024-12-31,001632,3674,ANALOG DEVICES INC
60943,1999-10-18,2021-12-17,006649,2510,LEGGETT & PLATT INC
60986,1989-04-27,2023-09-15,007875,3630,NEWELL BRANDS INC
61241,2017-03-20,2024-12-31,001161,3674,ADVANCED MICRO DEVICES
61399,1984-03-01,2024-12-31,006829,5211,LOWE'S COS INC
61621,1998-10-01,2024-12-31,008402,8721,PAYCHEX INC
61735,1996-04-23,2024-12-31,003221,6411,AON PLC
61815,2007-10-08,2020-10-09,007912,1311,NOBLE ENERGY INC
62092,1997-01-02,2024-12-31,010530,3826,THERMO FISHER SCIENTIFIC INC
62148,1980-11-06,2024-12-31,002574,4011,CSX CORP
62308,1989-04-27,2024-12-31,010614,6311,GLOBE LIFE INC
64186,1982-04-08,2024-12-31,002547,6324,CIGNA GROUP (THE)
64282,1983-09-15,2024-09-30,006733,5990,BATH & BODY WORKS INC
64311,1982-06-03,2024-12-31,007923,4011,NORFOLK SOUTHERN CORP
64390,1997-08-04,2024-12-31,013341,6331,PROGRESSIVE CORP-OHIO
64653,2005-08-19,2024-12-31,010096,6798,PUBLIC STORAGE
64936,1983-05-20,2024-12-31,004029,4911,DOMINION ENERGY INC
64995,1994-03-02,2024-12-31,009783,6020,KEYCORP
65402,2017-07-26,2024-12-31,009771,3630,SMITH (A.O.)
65541,2016-09-23,2024-12-31,003504,3851,COOPER COS INC (THE)
65875,1983-12-01,2024-12-31,002136,4812,VERIZON COMMUNICATIONS INC
65947,2009-01-30,2024-12-31,005543,6798,WELLTOWER INC
66093,1983-12-01,2024-12-31,009899,4812,AT&T INC
66157,1995-10-23,2024-12-31,004723,6020,US BANCORP
66181,1988-03-03,2024-12-31,005680,5211,HOME DEPOT INC
66384,2009-07-01,2024-12-31,011399,3572,WESTERN DIGITAL CORP
66800,1980-02-14,2024-12-31,001487,6331,AMERICAN INTERNATIONAL GROUP
67598,2008-03-31,2024-12-31,013125,6798,HEALTHPEAK PROPERTIES INC
68144,1988-05-05,2019-12-06,010187,6020,SUNTRUST BANKS INC
69032,1995-09-22,2024-12-31,012124,6211,MORGAN STANLEY
69550,2004-04-23,2020-11-16,007637,2834,VIATRIS INC
69649,2017-03-20,2024-12-31,008898,6211,RAYMOND JAMES FINANCIAL INC
69796,2005-07-05,2024-12-31,002710,2082,CONSTELLATION BRANDS
70033,2000-01-31,2020-06-19,012389,3751,HARLEY-DAVIDSON INC
70332,1997-07-28,2019-08-08,011923,1311,ANADARKO PETROLEUM CORP
70519,1988-05-26,2024-12-31,003243,6199,CITIGROUP INC
70578,1989-01-12,2024-12-31,004213,2842,ECOLAB INC
71175,1994-03-11,2021-09-17,012726,6321,UNUM GROUP
71563,1997-12-04,2024-12-31,011856,6020,TRUIST FINANCIAL CORP
72726,1997-08-15,2024-12-31,010035,6282,STATE STREET CORP
73139,2000-12-12,2024-12-31,010115,3841,STRYKER CORP
75034,1987-04-09,2024-12-31,032106,1389,BAKER HUGHES CO
75100,2000-06-21,2021-01-06,013646,5944,TIFFANY & CO
75154,1998-12-22,2024-12-31,013498,4400,CARNIVAL CORP LTD
75186,1997-06-02,2024-12-31,013988,6282,SCHWAB (CHARLES) CORP
75241,2008-09-24,2024-05-07,014359,1311,PIONEER NATURAL RESOURCES CO
75341,2017-07-26,2022-09-30,013510,6798,DUKE REALTY CORP
75510,1997-05-06,2024-12-31,012540,7370,ADOBE INC
75607,2003-03-31,2024-12-31,015855,7372,GEN DIGITAL INC
75819,2009-03-04,2024-12-31,110179,6798,VENTAS INC
75825,2000-11-02,2024-12-31,016478,1311,EOG RESOURCES INC
75828,2002-07-22,2024-12-31,016721,7372,ELECTRONIC ARTS INC
76076,1993-12-31,2024-12-31,020779,3576,CISCO SYSTEMS INC
76082,2008-06-23,2024-12-31,020548,1311,COTERRA ENERGY INC
76095,2016-03-30,2024-12-31,020904,3844,HOLOGIC INC
76201,1999-11-08,2022-02-14,022325,3674,XILINX INC
76226,1994-09-30,2024-12-31,013714,4833,PARAMOUNT SKYDANCE CORP
76605,1997-01-02,2024-12-31,023809,5531,AUTOZONE INC
76614,2013-05-01,2024-12-31,023812,2834,REGENERON PHARMACEUTICALS
76639,2008-01-02,2019-09-20,010631,7389,TOTAL SYSTEM SERVICES INC
76709,2017-01-05,2024-12-31,024197,2835,IDEXX LABS INC
76712,1998-10-02,2024-12-31,024216,4991,AES CORP (THE)
76744,2013-09-23,2024-12-31,024344,2836,VERTEX PHARMACEUTICALS INC
76841,2003-11-13,2024-12-31,024468,2836,BIOGEN INC
77129,2006-04-03,2024-12-31,024731,6798,KIMCO REALTY CORP
77178,1999-07-22,2024-12-31,024800,3674,QUALCOMM INC
77182,2011-12-19,2021-09-17,024782,2834,PERRIGO CO PLC
77274,2004-07-01,2024-12-31,024856,2836,GILEAD SCIENCES INC
77338,2009-12-23,2024-12-31,024925,7370,ROPER TECHNOLOGIES INC
77357,2017-03-16,2024-12-31,024975,7372,SYNOPSYS INC
77418,1999-01-04,2018-06-19,025056,4888,TIME WARNER INC
77462,1995-12-01,2020-04-03,004611,5311,MACY'S INC
77496,2013-12-23,2024-12-31,025119,2273,MOHAWK INDUSTRIES INC
77605,1995-02-24,2024-12-31,025279,3845,BOSTON SCIENTIFIC CORP
77606,1998-08-14,2020-09-18,025283,5311,KOHL'S CORP
77661,2005-07-05,2024-12-31,025340,1531,D R HORTON INC
77668,2003-09-26,2018-12-21,025356,5912,EXPRESS SCRIPTS HOLDING CO
77702,2000-06-08,2024-12-31,025434,5812,STARBUCKS CORP
77730,2005-08-11,2024-12-31,010793,2011,TYSON FOODS INC  -CL A
77768,1992-07-06,2018-10-30,025124,2810,LINDE PLC
78034,2005-10-11,2018-03-16,025880,5047,PATTERSON COS INC
78877,2006-03-03,2018-03-16,027786,1311,EXPAND ENERGY CORP
78916,1999-04-12,2020-05-11,027845,2834,ALLERGAN PLC
78975,2000-12-11,2024-12-31,027928,7372,INTUIT INC
78987,2007-09-07,2024-12-31,027965,3674,MICROCHIP TECHNOLOGY INC
79057,2010-07-15,2024-12-31,028034,6331,CHUBB LTD
79103,2009-03-27,2024-12-31,028180,5531,O'REILLY AUTOMOTIVE INC
79129,2013-12-10,2018-08-27,028119,6798,BROOKFIELD PROPERTY REIT
79145,2014-12-05,2024-12-31,028191,4400,ROYAL CARIBBEAN GROUP
79265,2009-01-02,2021-05-13,028477,3812,FLIR SYSTEMS INC
79323,1995-07-13,2024-12-31,028349,6331,ALLSTATE CORP
79545,2011-12-19,2024-12-31,028742,3714,BORGWARNER INC
79547,2001-12-03,2024-12-31,028733,6798,EQUITY RESIDENTIAL
79637,2014-09-22,2024-12-31,011032,8062,UNIVERSAL HEALTH SVCS INC
79678,2015-08-31,2023-10-17,180405,7372,ACTIVISION BLIZZARD INC
79698,2017-04-05,2024-12-31,012441,8700,GARTNER INC
79782,2017-03-02,2024-12-31,029099,6798,REGENCY CENTERS CORP
79906,2017-02-28,2024-12-31,029127,2836,INCYTE CORP
79915,2010-12-20,2019-02-14,029173,1311,OVINTIV EXPLORATION INC
80080,1994-01-04,2024-12-31,029392,2800,EASTMAN CHEMICAL CO
80100,2002-06-26,2024-12-31,029389,6798,SIMON PROPERTY GROUP INC
80183,2016-12-02,2024-12-31,029649,6798,MID-AMERICA APT CMNTYS INC
80191,2016-07-01,2024-12-31,029751,2810,ALBEMARLE CORP
80204,2014-07-02,2024-12-31,029733,1400,MARTIN MARIETTA MATERIALS
80286,2014-01-24,2024-12-31,029736,5200,TRACTOR SUPPLY CO
80381,2007-01-10,2024-12-31,029875,6798,AVALONBAY COMMUNITIES INC
80399,2013-05-09,2019-12-20,029868,6798,MACERICH CO
80681,2014-04-02,2024-12-31,030293,6798,ESSEX PROPERTY TRUST
80711,2003-03-14,2020-12-18,030490,6798,APARTMENT INVST & MGMT CO
81045,2015-04-07,2024-12-31,030822,6798,REALTY INCOME CORP
81055,1998-07-01,2024-12-31,030990,6141,CAPITAL ONE FINANCIAL CORP
81061,1999-01-13,2024-12-31,007171,5122,MCKESSON CORP
81481,2011-12-19,2024-12-31,031587,5331,DOLLAR TREE INC
81540,2001-08-30,2024-12-31,031673,5122,CENCORA INC
81655,1995-05-30,2024-12-31,031846,5812,DARDEN RESTAURANTS INC
81696,2017-03-13,2023-06-16,060900,4841,DISH NETWORK CORP
81736,2017-07-26,2024-12-31,031887,3845,RESMED INC
81774,1995-07-31,2024-12-31,014590,1000,FREEPORT-MCMORAN INC
82303,2017-06-19,2024-12-31,061388,6331,EVEREST GROUP LTD
82307,2008-07-31,2024-12-31,061483,8090,DAVITA INC
82581,2015-03-18,2024-12-31,061494,5047,HENRY SCHEIN INC
82598,1999-06-25,2024-12-31,061591,3572,NETAPP INC
82642,2006-01-05,2024-12-31,061567,2844,ESTEE LAUDER COMPANIES INC
82651,2002-01-02,2024-12-31,061574,3826,WATERS CORP
82686,1999-12-01,2022-09-30,061676,7372,CITRIX SYSTEMS INC
82775,1995-12-20,2024-12-31,061739,6331,HARTFORD INSURANCE GROUP INC
83111,2012-05-25,2021-07-20,062263,2836,ALEXION PHARMACEUTICALS INC
83143,2009-01-06,2024-12-31,062374,6798,IRON MOUNTAIN INC
83443,2010-02-16,2024-12-31,002176,9997,BERKSHIRE HATHAWAY
83621,2017-06-19,2024-12-31,063080,7372,ANSYS INC
83862,2004-04-01,2020-10-06,063501,6211,E TRADE FINANCIAL CORP
83906,2008-11-19,2018-11-30,063527,4955,STERICYCLE INC
84032,2005-03-14,2021-09-17,063892,3533,NOV INC
84129,2001-06-25,2024-03-15,011687,6020,ZIONS BANCORPORATION NA
84373,2002-12-12,2024-12-31,064166,8071,QUEST DIAGNOSTICS INC
84381,1996-12-09,2024-12-31,009203,3620,ROCKWELL AUTOMATION
84767,2017-03-20,2024-12-31,064821,6798,ALEXANDRIA R E EQUITIES INC
84769,2008-09-30,2024-12-31,014282,3678,AMPHENOL CORP
84788,2005-11-21,2024-12-31,064768,5961,AMAZON.COM INC
85035,2015-06-12,2024-12-20,064853,3674,QORVO INC
85058,2006-04-03,2024-12-31,064925,6798,BXP INC
85072,2007-02-02,2024-12-31,064891,2300,RALPH LAUREN CORP
85257,2013-09-23,2024-12-31,001598,3823,AMETEK INC
85265,2015-03-23,2021-03-19,065290,6798,SL GREEN REALTY CORP
85269,2004-04-29,2024-12-31,015247,2911,VALERO ENERGY CORP
85348,1997-10-07,2024-12-31,065417,5812,YUM BRANDS INC
85459,2007-03-02,2024-12-31,065609,4213,C H ROBINSON WORLDWIDE INC
85592,2011-06-03,2024-12-31,029984,6798,PROLOGIS INC
85593,2014-07-01,2019-12-20,065886,6282,AFFILIATED MANAGERS GRP INC
85621,2016-09-06,2024-12-31,065772,3826,METTLER-TOLEDO INTL INC
85631,1989-12-21,2024-12-31,001878,7370,AUTODESK INC
85663,2014-09-22,2024-12-31,066065,7350,UNITED RENTALS INC
85675,2016-12-02,2018-10-10,065967,8011,ENVISION HEALTHCARE CORP
85753,2006-02-01,2024-12-31,066368,7370,VERISIGN INC
85792,2009-07-01,2024-12-31,066446,1731,QUANTA SERVICES INC
85913,1998-05-21,2024-12-31,028930,7011,MARRIOTT INTL INC
85914,1999-06-30,2024-12-31,002184,5731,BEST BUY CO INC
85926,1998-04-01,2023-12-15,009555,3081,SEALED AIR CORP
86021,2004-12-01,2019-06-28,110685,3812,L3 TECHNOLOGIES INC
86111,2007-11-19,2024-12-31,105365,6798,AMERICAN TOWER CORP
86136,1998-06-30,2024-12-31,008272,4923,SEMPRA ENERGY
86158,2006-11-17,2024-12-31,111864,7370,COGNIZANT TECH SOLUTIONS
86228,2008-12-05,2024-12-31,112168,4953,REPUBLIC SERVICES INC
86314,2001-09-04,2018-09-14,024318,6351,XL GROUP LTD
86339,2012-03-14,2024-12-31,113490,6798,CROWN CASTLE INC
86356,2002-07-22,2024-12-31,114524,5961,EBAY INC
86580,2001-11-30,2024-12-31,117768,3674,NVIDIA CORP
86783,2009-11-06,2024-12-31,119314,4700,BOOKING HOLDINGS INC
86868,2002-07-22,2024-12-31,114628,6211,GOLDMAN SACHS GROUP INC
86964,2010-12-20,2024-12-31,121077,7373,F5 INC
86979,2006-06-02,2024-12-31,121718,3576,JUNIPER NETWORKS INC
86996,2017-09-01,2024-12-31,121382,6798,SBA COMMUNICATIONS CORP
87055,1993-10-22,2024-12-31,029028,5399,COSTCO WHOLESALE CORP
87137,2000-08-30,2024-12-31,014934,1311,DEVON ENERGY CORP
87184,2009-07-27,2019-07-12,122841,7372,RED HAT INC
87267,2011-04-04,2024-12-31,124434,6282,BLACKROCK INC
87299,2007-07-12,2024-12-31,125595,7370,AKAMAI TECHNOLOGIES INC
87432,2000-06-05,2024-12-31,126554,3826,AGILENT TECHNOLOGIES INC
87447,2002-07-22,2024-12-31,010920,4210,UNITED PARCEL SERVICE INC
87541,2017-07-26,2024-12-31,128978,2650,PACKAGING CORP OF AMERICA
87657,2011-04-01,2024-12-31,133366,3842,EDWARDS LIFESCIENCES CORP
87717,2007-10-10,2024-12-31,004494,4731,EXPEDITORS INTL WASH INC
87842,2000-12-11,2024-12-31,133768,6311,METLIFE INC
88031,2012-06-29,2024-12-31,024316,2086,MONSTER BEVERAGE CORP
88352,2008-06-02,2024-12-31,136725,3845,INTUITIVE SURGICAL INC
88446,2015-11-19,2024-06-21,138205,3826,ILLUMINA INC
88661,2004-09-01,2024-12-31,140541,3100,TAPESTRY INC
88668,2002-08-14,2018-06-06,140760,100,MONSANTO CO
88837,2012-12-12,2024-12-31,141459,3812,GARMIN LTD
88845,2000-12-14,2018-11-30,001177,6324,AETNA INC
88853,2000-12-22,2019-06-03,004818,1600,FLUOR CORP
88860,2017-06-19,2024-12-31,141384,3843,ALIGN TECHNOLOGY INC
88873,2016-04-25,2024-12-31,141913,7374,GLOBAL PAYMENTS INC
89002,2013-12-23,2020-06-19,143974,6141,BREAD FINANCIAL HOLDINGS INC
89003,2006-11-10,2024-12-31,165993,7374,FIDELITY NATIONAL INFO SVCS
89006,2007-04-02,2024-12-31,142953,2052,MONDELEZ INTERNATIONAL INC
89014,2001-07-02,2018-11-30,144066,3728,ROCKWELL COLLINS
89017,2016-01-05,2024-12-31,144009,6411,WILLIS TOWERS WATSON PLC
89070,2001-08-07,2024-12-31,144559,3842,ZIMMER BIOMET HOLDINGS INC
89071,2011-07-06,2024-12-31,143357,8742,ACCENTURE PLC
89179,2002-07-25,2024-12-31,145046,6324,ELEVANCE HEALTH INC
89195,2002-07-22,2024-12-31,145701,6282,PRINCIPAL FINANCIAL GRP INC
89216,2016-05-03,2018-06-15,146017,3640,ACUITY INC
89217,2015-07-09,2023-08-24,145977,5531,ADVANCE AUTO PARTS INC
89258,2002-07-22,2024-12-31,143356,6311,PRUDENTIAL FINANCIAL INC
89269,2016-03-30,2024-12-31,145552,6324,CENTENE CORP
89393,2010-12-20,2024-12-31,147579,7841,NETFLIX INC
89508,2010-06-28,2024-12-31,064410,5500,CARMAX INC
89509,2014-06-23,2020-03-02,150699,1311,CIMAREX ENERGY CO
89525,2002-11-19,2024-12-31,003226,4841,COMCAST CORP
89533,2008-11-14,2024-12-31,149318,7990,WYNN RESORTS LTD
89617,2015-03-23,2024-12-31,138743,6798,EQUINIX INC
89626,2006-08-11,2024-12-31,149070,6200,CME GROUP INC
89641,2012-07-02,2024-12-31,150937,3572,SEAGATE TECHNOLOGY HOLDINGS
89866,2016-05-23,2024-12-31,155394,5010,LKQ CORP
90038,2007-04-10,2024-12-31,157057,6351,ASSURANT INC
90071,2010-01-29,2024-12-31,135990,4911,NRG ENERGY INC
90199,2006-11-10,2024-12-31,260774,6531,CBRE GROUP INC
90215,2008-09-15,2024-12-31,157855,7372,SALESFORCE INC
90305,2016-01-19,2024-12-31,160479,6798,EXTRA SPACE STORAGE INC
90319,2006-04-03,2024-12-31,160329,7370,ALPHABET INC
90373,2016-05-18,2024-12-31,160991,6798,DIGITAL REALTY TRUST INC
90386,2011-09-26,2024-12-31,162129,2870,MOSAIC CO
90441,2004-12-20,2019-03-19,012886,4888,TWENTY-FIRST CENTURY FOX INC
90601,2008-10-22,2024-12-31,149337,6200,NASDAQ INC
90805,2010-03-01,2022-04-08,164296,4841,WARNER BROS DISCOVERY INC
90808,2007-10-02,2024-12-31,126296,4700,EXPEDIA GROUP INC
90829,2008-08-27,2024-12-31,163946,2870,CF INDUSTRIES HOLDINGS INC
90880,2005-10-03,2024-12-31,164708,6282,AMERIPRISE FINANCIAL INC
90979,2014-05-01,2022-06-17,165052,2300,UNDER ARMOUR INC
90993,2007-09-26,2024-12-31,163610,6200,INTERCONTINENTAL EXCHANGE
91063,2006-01-03,2019-12-04,165675,4833,VIACOM INC
91068,2011-04-28,2024-12-31,165914,5812,CHIPOTLE MEXICAN GRILL INC
91103,2015-09-03,2024-12-31,010795,4512,UNITED AIRLINES HOLDINGS INC
91152,2016-06-03,2024-12-31,148349,3728,TRANSDIGM GROUP INC
91233,2008-07-18,2024-12-31,160225,7389,MASTERCARD INC
91392,2006-08-01,2018-05-30,174729,6531,TRAVEL PLUS LEISURE CO
91416,2015-03-23,2021-12-17,175319,2300,HANESBRANDS INC
91461,2006-10-02,2021-12-17,175263,6099,WESTERN UNION CO
91556,2009-12-21,2024-12-31,009248,5651,ROSS STORES INC
91926,2013-09-11,2024-12-31,003851,4512,DELTA AIR LINES INC
92121,2007-07-02,2024-12-31,177376,6141,DISCOVER FINANCIAL SVCS
92157,2011-10-17,2024-12-31,177267,3678,TE CONNECTIVITY PLC
92239,2016-02-22,2021-01-20,177884,1311,CONCHO RESOURCES INC
92322,2016-04-18,2024-12-31,178704,5990,ULTA BEAUTY INC
92602,2008-03-31,2024-12-31,179621,2111,PHILIP MORRIS INTERNATIONAL
92611,2009-12-21,2024-12-31,179534,6099,VISA INC
92614,2016-03-04,2024-12-31,179437,4941,AMERICAN WATER WORKS CO INC
92618,2008-10-07,2018-06-29,179700,2086,DR PEPPER SNAPPLE GROUP INC
92655,1994-07-01,2024-12-31,010903,6324,UNITEDHEALTH GROUP INC
92709,2008-07-01,2018-03-06,180167,4833,SCRIPPS NETWORKS INTERACTIVE
93002,2014-05-08,2024-12-31,180711,3674,BROADCOM INC
93089,2015-10-08,2024-12-31,180652,8742,VERISK ANALYTICS INC
93096,2012-12-03,2024-12-31,004016,5331,DOLLAR GENERAL CORP
93429,2017-03-01,2024-12-31,184500,6200,CBOE GLOBAL MARKETS INC
