permno,start,ending
10104,1989-08-03,2024-12-31
10107,1994-06-07,2024-12-31
10138,1999-10-13,2024-12-31
10145,1925-12-31,2024-12-31
10516,1981-07-30,2024-12-31
10696,2001-04-02,2024-12-31
10909,2010-04-30,2022-06-07
11308,1957-03-01,2024-12-31
11403,2017-09-18,2024-12-31
11404,1925-12-31,2024-12-31
11552,2006-11-06,2019-11-20
11600,2008-11-14,2024-04-02
11618,2008-09-15,2024-12-31
11674,1925-12-31,2024-12-31
11762,1957-03-01,2024-12-31
11850,1925-12-31,2024-12-31
11891,2017-07-26,2024-12-31
11955,1998-07-17,2024-12-31
12052,1957-03-01,2024-12-31
12060,1957-03-01,2024-12-31
12062,2004-11-01,2024-12-31
12073,2008-11-13,2022-04-01
12076,2015-07-29,2018-03-16
12308,2016-09-08,2024-12-31
12345,2012-09-05,2024-12-31
12369,2013-06-07,2024-12-31
12431,2010-11-17,2024-12-31
12490,1957-03-01,2024-12-31
12542,2013-07-09,2022-10-11
12558,2012-05-25,2024-12-31
12622,2015-01-27,2024-12-31
12650,2013-05-24,2021-12-13
12872,2011-07-01,2024-12-31
12981,2016-06-24,2022-12-16
13035,2011-11-01,2024-12-31
13103,2012-12-24,2024-12-31
13142,2013-11-13,2020-05-11
13168,2011-12-21,2019-12-20
13356,2012-05-01,2024-12-31
13407,2013-12-23,2024-12-31
13586,2012-10-01,2024-12-31
13688,1925-12-31,2019-01-17
13721,2013-01-02,2024-12-31
13760,2017-10-13,2024-12-31
13788,2013-06-24,2024-12-31
13856,1957-03-01,2024-12-31
13901,1957-03-01,2024-12-31
13911,2017-08-29,2024-12-31
13928,1957-03-01,2024-12-31
13936,2013-02-14,2022-09-16
13963,2013-07-01,2024-12-31
13964,2015-09-21,2024-12-31
13983,2016-10-03,2020-09-18
14008,1992-01-02,2024-12-31
14277,1965-03-04,2024-12-31
14297,2013-12-02,2024-12-31
14338,2017-06-19,2024-12-31
14541,1925-12-31,2024-12-31
14542,2014-04-03,2024-12-31
14593,1982-11-18,2024-12-31
14601,2014-05-01,2018-06-04
14702,1995-03-16,2024-12-31
14704,2017-06-02,2022-03-01
14776,2015-11-18,2024-12-31
14889,2016-02-01,2024-12-31
15069,1925-12-31,2024-11-25
15202,1999-07-01,2024-12-31
15408,2015-07-06,2024-12-31
15456,2016-04-04,2019-08-08
15488,2015-07-20,2024-12-31
15579,1959-03-25,2024-12-31
15707,2015-11-02,2024-12-31
15720,1925-12-31,2024-12-31
15797,2015-11-30,2018-04-03
15980,2016-04-08,2022-06-17
16087,2016-07-05,2024-12-31
16432,1925-12-31,2019-02-26
16538,2017-01-17,2021-02-11
16600,1957-03-01,2024-12-31
16678,1957-03-01,2024-12-31
16816,2017-08-07,2019-04-02
16851,2017-09-01,2024-12-31
17005,1957-03-01,2024-12-31
17144,1969-02-13,2024-12-31
17478,1957-03-01,2024-12-31
17750,1957-03-01,2024-12-31
17830,1957-03-01,2024-12-31
18163,1957-03-01,2024-12-31
18411,1944-06-07,2024-12-31
18542,1957-03-01,2024-12-31
18729,1957-03-01,2024-12-31
19166,2009-08-19,2024-12-31
19350,1957-03-01,2024-12-31
19393,1957-03-01,2024-12-31
19502,1979-10-11,2024-12-31
19561,1957-03-01,2024-12-31
19583,2008-08-21,2024-12-31
20415,2007-08-27,2019-09-25
20482,1957-03-01,2024-12-31
21020,2015-03-23,2024-09-20
21178,1984-07-19,2024-12-31
21186,1957-03-01,2024-07-05
21207,1969-05-15,2024-12-31
21371,1997-05-27,2024-12-31
21573,1925-12-31,2024-12-31
21776,1944-06-07,2024-12-31
21792,1985-07-25,2024-12-31
21936,1957-03-01,2024-12-31
22103,1965-01-07,2024-12-31
22111,1973-05-31,2024-12-31
22293,1957-03-01,2024-12-31
22509,1957-03-01,2024-12-31
22517,1995-11-27,2024-12-31
22592,1957-03-01,2024-12-31
22752,1957-03-01,2024-12-31
22779,1957-03-01,2024-12-31
23026,1957-07-10,2024-12-31
23085,2009-01-02,2018-12-31
23229,1999-05-03,2024-12-31
23393,2015-12-29,2024-12-31
23473,1997-12-18,2024-12-31
23536,2008-10-31,2024-12-31
23579,1978-10-05,2024-12-31
23660,2001-03-01,2024-12-31
23712,1948-07-07,2024-12-31
23819,1957-03-01,2024-12-31
23931,1949-07-06,2024-12-31
24010,1957-03-01,2024-12-31
24109,1951-09-06,2024-12-31
24205,1976-07-01,2024-12-31
24328,2008-12-19,2018-11-12
24643,1957-03-01,2024-12-31
24766,1985-06-13,2024-12-31
24942,1957-03-01,2020-04-03
24985,1991-09-20,2024-12-31
25081,1995-12-01,2024-06-21
25232,2010-03-15,2024-12-31
25320,1957-03-01,2024-12-31
25419,1959-04-01,2024-03-15
25582,2008-09-22,2024-12-31
25778,1987-07-09,2018-11-05
25785,1957-03-01,2024-12-31
25953,1985-10-24,2024-12-31
26403,1976-07-01,2024-12-31
26710,1995-05-10,2024-12-31
26825,1961-04-26,2024-12-31
27043,2007-02-12,2021-04-19
27828,1974-10-17,2024-12-31
27887,1972-09-14,2024-12-31
27959,1976-07-01,2024-12-31
27983,1963-09-05,2021-03-19
27991,1999-10-04,2024-12-31
28222,1985-04-11,2024-12-31
28388,2005-08-12,2023-01-04
28484,1984-05-17,2024-12-31
28804,2016-05-13,2023-12-15
29946,1982-10-14,2024-12-31
30681,1997-12-24,2024-12-31
30940,2008-10-02,2021-03-19
32707,2010-03-01,2020-05-21
32870,2009-03-04,2024-12-31
34032,1981-06-18,2024-12-31
34746,1996-03-08,2024-12-31
34817,1985-04-18,2024-12-31
34833,1982-12-09,2024-12-31
35044,1998-08-28,2024-12-31
35554,2004-02-27,2024-12-31
36468,1964-05-14,2024-12-31
37284,2007-09-27,2018-09-28
37584,1998-04-29,2024-12-31
38093,2016-05-31,2024-12-31
38156,1975-02-06,2024-12-31
38703,1976-07-01,2024-12-31
38762,2000-11-02,2024-12-31
39490,1997-07-28,2024-12-31
39538,1982-03-11,2019-06-06
39642,1972-09-14,2024-12-31
39917,1963-12-05,2024-12-31
40125,2017-04-04,2023-10-02
40272,1976-03-04,2024-12-31
40539,1985-09-26,2024-12-31
41080,1965-01-07,2024-12-31
41355,1985-11-07,2024-12-31
42200,1985-05-09,2024-12-31
42585,2008-11-06,2024-12-31
42877,2015-07-01,2024-12-31
42906,1997-08-06,2024-12-31
43350,1982-09-16,2024-12-31
43449,1970-06-25,2024-12-31
43553,1979-05-03,2024-04-02
44206,2009-03-17,2024-12-31
44601,1987-12-24,2024-12-31
44644,1981-02-26,2024-12-31
45356,2010-08-27,2024-12-31
45751,1987-08-06,2024-12-31
45911,2015-03-12,2024-12-31
46578,1969-01-16,2024-12-31
46674,1973-11-15,2024-12-31
46703,2007-03-20,2024-12-31
46877,1975-06-12,2018-01-02
46886,1997-09-15,2024-12-31
47896,1976-07-01,2024-12-31
48486,2012-06-05,2024-12-31
48506,1979-12-27,2024-12-31
48653,1995-12-01,2024-12-31
48725,1969-07-16,2024-12-31
49015,1976-07-01,2023-09-15
49154,1976-12-09,2024-12-31
49373,1986-11-28,2020-09-18
49656,1995-03-31,2024-12-31
49680,1998-11-18,2024-12-31
50017,2007-12-21,2018-06-15
50876,1970-11-19,2024-12-31
52038,1986-12-18,2024-12-31
52090,2003-03-21,2024-12-31
52230,2000-12-05,2024-06-21
52329,2007-10-26,2024-12-31
52476,1997-06-19,2024-12-31
52695,1981-05-14,2024-12-31
52708,2005-10-04,2024-12-31
52978,1984-09-13,2024-12-31
53065,1992-10-30,2024-12-31
53613,1994-09-27,2024-12-31
54148,1984-04-12,2024-12-31
55976,1982-08-19,2024-12-31
56274,1983-09-01,2024-12-31
56573,1986-02-13,2024-12-31
57568,1984-10-04,2024-12-31
57665,1988-11-03,2024-12-31
57817,1986-08-07,2020-06-19
57904,1999-05-28,2024-12-31
58246,1998-01-30,2024-12-31
58413,2016-02-01,2024-12-31
58683,1994-07-13,2024-12-31
58819,2016-07-01,2024-12-31
59010,1986-08-21,2022-02-02
59176,1976-07-01,2024-12-31
59248,1976-07-01,2024-12-31
59300,2016-03-07,2024-12-31
59328,1976-12-09,2024-12-31
59408,1976-07-01,2024-12-31
59459,1976-07-01,2024-12-31
60097,1986-10-23,2024-12-31
60206,1982-09-16,2024-12-31
60442,1988-04-14,2024-12-31
60506,1980-10-02,2024-12-31
60599,1999-03-25,2023-03-17
60628,1980-11-06,2024-12-31
60871,1999-10-12,2024-12-31
60943,1999-10-18,2021-12-17
60986,1989-04-27,2023-09-15
61241,2017-03-20,2024-12-31
61399,1984-03-01,2024-12-31
61621,1998-10-01,2024-12-31
61735,1996-04-23,2024-12-31
61815,2007-10-08,2020-10-09
62092,1997-01-02,2024-12-31
62148,1980-11-06,2024-12-31
62308,1989-04-27,2024-12-31
64186,1982-04-08,2024-12-31
64282,1983-09-15,2024-09-30
64311,1982-06-03,2024-12-31
64390,1997-08-04,2024-12-31
64653,2005-08-19,2024-12-31
64936,1983-05-20,2024-12-31
64995,1994-03-02,2024-12-31
65402,2017-07-26,2024-12-31
65541,2016-09-23,2024-12-31
65875,1983-12-01,2024-12-31
65947,2009-01-30,2024-12-31
66093,1983-12-01,2024-12-31
66157,1995-10-23,2024-12-31
66181,1988-03-03,2024-12-31
66384,2009-07-01,2024-12-31
66800,1980-02-14,2024-12-31
67598,2008-03-31,2024-12-31
68144,1988-05-05,2019-12-06
69032,1995-09-22,2024-12-31
69550,2004-04-23,2020-11-16
69649,2017-03-20,2024-12-31
69796,2005-07-05,2024-12-31
70033,2000-01-31,2020-06-19
70332,1997-07-28,2019-08-08
70519,1988-05-26,2024-12-31
70578,1989-01-12,2024-12-31
71175,1994-03-11,2021-09-17
71563,1997-12-04,2024-12-31
72726,1997-08-15,2024-12-31
73139,2000-12-12,2024-12-31
75034,1987-04-09,2024-12-31
75100,2000-06-21,2021-01-06
75154,1998-12-22,2024-12-31
75186,1997-06-02,2024-12-31
75241,2008-09-24,2024-05-07
75341,2017-07-26,2022-09-30
75510,1997-05-06,2024-12-31
75607,2003-03-31,2024-12-31
75819,2009-03-04,2024-12-31
75825,2000-11-02,2024-12-31
75828,2002-07-22,2024-12-31
76076,1993-12-31,2024-12-31
76082,2008-06-23,2024-12-31
76095,2016-03-30,2024-12-31
76201,1999-11-08,2022-02-14
76226,1994-09-30,2024-12-31
76605,1997-01-02,2024-12-31
76614,2013-05-01,2024-12-31
76639,2008-01-02,2019-09-20
76709,2017-01-05,2024-12-31
76712,1998-10-02,2024-12-31
76744,2013-09-23,2024-12-31
76841,2003-11-13,2024-12-31
77129,2006-04-03,2024-12-31
77178,1999-07-22,2024-12-31
77182,2011-12-19,2021-09-17
77274,2004-07-01,2024-12-31
77338,2009-12-23,2024-12-31
77357,2017-03-16,2024-12-31
77418,1999-01-04,2018-06-19
77462,1995-12-01,2020-04-03
77496,2013-12-23,2024-12-31
77605,1995-02-24,2024-12-31
77606,1998-08-14,2020-09-18
77661,2005-07-05,2024-12-31
77668,2003-09-26,2018-12-21
77702,2000-06-08,2024-12-31
77730,2005-08-11,2024-12-31
77768,1992-07-06,2018-10-30
78034,2005-10-11,2018-03-16
78877,2006-03-03,2018-03-16
78916,1999-04-12,2020-05-11
78975,2000-12-11,2024-12-31
78987,2007-09-07,2024-12-31
79057,2010-07-15,2024-12-31
79103,2009-03-27,2024-12-31
79129,2013-12-10,2018-08-27
79145,2014-12-05,2024-12-31
79265,2009-01-02,2021-05-13
79323,1995-07-13,2024-12-31
79545,2011-12-19,2024-12-31
79547,2001-12-03,2024-12-31
79637,2014-09-22,2024-12-31
79678,2015-08-31,2023-10-17
79698,2017-04-05,2024-12-31
79782,2017-03-02,2024-12-31
79906,2017-02-28,2024-12-31
79915,2010-12-20,2019-02-14
80080,1994-01-04,2024-12-31
80100,2002-06-26,2024-12-31
80183,2016-12-02,2024-12-31
80191,2016-07-01,2024-12-31
80204,2014-07-02,2024-12-31
80286,2014-01-24,2024-12-31
80381,2007-01-10,2024-12-31
80399,2013-05-09,2019-12-20
80681,2014-04-02,2024-12-31
80711,2003-03-14,2020-12-18
81045,2015-04-07,2024-12-31
81055,1998-07-01,2024-12-31
81061,1999-01-13,2024-12-31
81481,2011-12-19,2024-12-31
81540,2001-08-30,2024-12-31
81655,1995-05-30,2024-12-31
81696,2017-03-13,2023-06-16
81736,2017-07-26,2024-12-31
81774,1995-07-31,2024-12-31
82303,2017-06-19,2024-12-31
82307,2008-07-31,2024-12-31
82581,2015-03-18,2024-12-31
82598,1999-06-25,2024-12-31
82642,2006-01-05,2024-12-31
82651,2002-01-02,2024-12-31
82686,1999-12-01,2022-09-30
82775,1995-12-20,2024-12-31
83111,2012-05-25,2021-07-20
83143,2009-01-06,2024-12-31
83443,2010-02-16,2024-12-31
83621,2017-06-19,2024-12-31
83862,2004-04-01,2020-10-06
83906,2008-11-19,2018-11-30
84032,2005-03-14,2021-09-17
84129,2001-06-25,2024-03-15
84373,2002-12-12,2024-12-31
84381,1996-12-09,2024-12-31
84767,2017-03-20,2024-12-31
84769,2008-09-30,2024-12-31
84788,2005-11-21,2024-12-31
85035,2015-06-12,2024-12-20
85058,2006-04-03,2024-12-31
85072,2007-02-02,2024-12-31
85257,2013-09-23,2024-12-31
85265,2015-03-23,2021-03-19
85269,2004-04-29,2024-12-31
85348,1997-10-07,2024-12-31
85459,2007-03-02,2024-12-31
85592,2011-06-03,2024-12-31
85593,2014-07-01,2019-12-20
85621,2016-09-06,2024-12-31
85631,1989-12-21,2024-12-31
85663,2014-09-22,2024-12-31
85675,2016-12-02,2018-10-10
85753,2006-02-01,2024-12-31
85792,2009-07-01,2024-12-31
85913,1998-05-21,2024-12-31
85914,1999-06-30,2024-12-31
85926,1998-04-01,2023-12-15
86021,2004-12-01,2019-06-28
86111,2007-11-19,2024-12-31
86136,1998-06-30,2024-12-31
86158,2006-11-17,2024-12-31
86228,2008-12-05,2024-12-31
86314,2001-09-04,2018-09-14
86339,2012-03-14,2024-12-31
86356,2002-07-22,2024-12-31
86580,2001-11-30,2024-12-31
86783,2009-11-06,2024-12-31
86868,2002-07-22,2024-12-31
86964,2010-12-20,2024-12-31
86979,2006-06-02,2024-12-31
86996,2017-09-01,2024-12-31
87055,1993-10-22,2024-12-31
87137,2000-08-30,2024-12-31
87184,2009-07-27,2019-07-12
87267,2011-04-04,2024-12-31
87299,2007-07-12,2024-12-31
87432,2000-06-05,2024-12-31
87447,2002-07-22,2024-12-31
87541,2017-07-26,2024-12-31
87657,2011-04-01,2024-12-31
87717,2007-10-10,2024-12-31
87842,2000-12-11,2024-12-31
88031,2012-06-29,2024-12-31
88352,2008-06-02,2024-12-31
88446,2015-11-19,2024-06-21
88661,2004-09-01,2024-12-31
88668,2002-08-14,2018-06-06
88837,2012-12-12,2024-12-31
88845,2000-12-14,2018-11-30
88853,2000-12-22,2019-06-03
88860,2017-06-19,2024-12-31
88873,2016-04-25,2024-12-31
89002,2013-12-23,2020-06-19
89003,2006-11-10,2024-12-31
89006,2007-04-02,2024-12-31
89014,2001-07-02,2018-11-30
89017,2016-01-05,2024-12-31
89070,2001-08-07,2024-12-31
89071,2011-07-06,2024-12-31
89179,2002-07-25,2024-12-31
89195,2002-07-22,2024-12-31
89216,2016-05-03,2018-06-15
89217,2015-07-09,2023-08-24
89258,2002-07-22,2024-12-31
89269,2016-03-30,2024-12-31
89393,2010-12-20,2024-12-31
89508,2010-06-28,2024-12-31
89509,2014-06-23,2020-03-02
89525,2002-11-19,2024-12-31
89533,2008-11-14,2024-12-31
89617,2015-03-23,2024-12-31
89626,2006-08-11,2024-12-31
89641,2012-07-02,2024-12-31
89866,2016-05-23,2024-12-31
90038,2007-04-10,2024-12-31
90071,2010-01-29,2024-12-31
90199,2006-11-10,2024-12-31
90215,2008-09-15,2024-12-31
90305,2016-01-19,2024-12-31
90319,2006-04-03,2024-12-31
90373,2016-05-18,2024-12-31
90386,2011-09-26,2024-12-31
90441,2004-12-20,2019-03-19
90442,2015-09-21,2019-03-19
90601,2008-10-22,2024-12-31
90805,2010-03-01,2022-04-08
90808,2007-10-02,2024-12-31
90829,2008-08-27,2024-12-31
90880,2005-10-03,2024-12-31
90979,2014-05-01,2022-06-17
90993,2007-09-26,2024-12-31
91063,2006-01-03,2019-12-04
91068,2011-04-28,2024-12-31
91103,2015-09-03,2024-12-31
91152,2016-06-03,2024-12-31
91233,2008-07-18,2024-12-31
91392,2006-08-01,2018-05-30
91416,2015-03-23,2021-12-17
91461,2006-10-02,2021-12-17
91556,2009-12-21,2024-12-31
91926,2013-09-11,2024-12-31
92121,2007-07-02,2024-12-31
92157,2011-10-17,2024-12-31
92239,2016-02-22,2021-01-20
92322,2016-04-18,2024-12-31
92602,2008-03-31,2024-12-31
92611,2009-12-21,2024-12-31
92614,2016-03-04,2024-12-31
92618,2008-10-07,2018-06-29
92655,1994-07-01,2024-12-31
92709,2008-07-01,2018-03-06
92778,2014-08-07,2022-04-08
93002,2014-05-08,2024-12-31
93089,2015-10-08,2024-12-31
93096,2012-12-03,2024-12-31
93429,2017-03-01,2024-12-31
